solid OpenSCAD_Model
  facet normal -0.239172 0.954809 0.176458
    outer loop
      vertex -2.14599 10.7886 40
      vertex -3.51163 17.6541 1
      vertex -3.19313 10.5263 40
    endloop
  endfacet
  facet normal -0.904 0.427532 0
    outer loop
      vertex -16.6298 6.8883 0
      vertex -15.8746 8.48514 1
      vertex -15.8746 8.48514 0
    endloop
  endfacet
  facet normal -0.904 0.427532 0
    outer loop
      vertex -15.8746 8.48514 1
      vertex -16.6298 6.8883 0
      vertex -16.6298 6.8883 1
    endloop
  endfacet
  facet normal -0.0490818 0.998795 0
    outer loop
      vertex 0 18 0
      vertex -1.76431 17.9133 1
      vertex 0 18 1
    endloop
  endfacet
  facet normal -0.0490818 0.998795 0
    outer loop
      vertex -1.76431 17.9133 1
      vertex 0 18 0
      vertex -1.76431 17.9133 0
    endloop
  endfacet
  facet normal -0.0483268 -0.983121 0.176458
    outer loop
      vertex 0 -11 40
      vertex -1.07819 -10.947 40
      vertex 0 -18 1
    endloop
  endfacet
  facet normal 0.790606 0.586348 0.17646
    outer loop
      vertex 14.9665 10.0003 1
      vertex 8.50311 6.97833 40
      vertex 9.14616 6.11127 40
    endloop
  endfacet
  facet normal -0.844282 0.506014 0.176459
    outer loop
      vertex -14.9665 10.0003 1
      vertex -15.8746 8.48514 1
      vertex -9.70113 5.18536 40
    endloop
  endfacet
  facet normal -0.420824 -0.889815 0.176458
    outer loop
      vertex -5.18536 -9.70113 40
      vertex -8.48514 -15.8746 1
      vertex -6.8883 -16.6298 1
    endloop
  endfacet
  facet normal -0.331606 0.926769 0.176458
    outer loop
      vertex -5.22512 17.2249 1
      vertex -6.8883 16.6298 1
      vertex -3.19313 10.5263 40
    endloop
  endfacet
  facet normal 0.970032 -0.242977 0
    outer loop
      vertex 17.2249 -5.22512 1
      vertex 17.6541 -3.51163 0
      vertex 17.6541 -3.51163 1
    endloop
  endfacet
  facet normal 0.970032 -0.242977 0
    outer loop
      vertex 17.6541 -3.51163 0
      vertex 17.2249 -5.22512 1
      vertex 17.2249 -5.22512 0
    endloop
  endfacet
  facet normal 0.989176 -0.146736 0
    outer loop
      vertex 17.6541 -3.51163 1
      vertex 17.9133 -1.76431 0
      vertex 17.9133 -1.76431 1
    endloop
  endfacet
  facet normal 0.989176 -0.146736 0
    outer loop
      vertex 17.9133 -1.76431 0
      vertex 17.6541 -3.51163 1
      vertex 17.6541 -3.51163 0
    endloop
  endfacet
  facet normal -0.983122 -0.0483116 0.176458
    outer loop
      vertex -10.947 -1.07819 40
      vertex -18 0 1
      vertex -17.9133 -1.76431 1
    endloop
  endfacet
  facet normal -0.146736 0.989176 0
    outer loop
      vertex -1.76431 17.9133 0
      vertex -3.51163 17.6541 1
      vertex -1.76431 17.9133 1
    endloop
  endfacet
  facet normal -0.146736 0.989176 0
    outer loop
      vertex -3.51163 17.6541 1
      vertex -1.76431 17.9133 0
      vertex -3.51163 17.6541 0
    endloop
  endfacet
  facet normal 0.729321 -0.661025 0.176458
    outer loop
      vertex 8.50311 -6.97833 40
      vertex 7.77817 -7.77817 40
      vertex 13.9142 -11.4191 1
    endloop
  endfacet
  facet normal 0.973654 0.144433 0.176458
    outer loop
      vertex 17.6541 3.51163 1
      vertex 10.947 1.07819 40
      vertex 17.9133 1.76431 1
    endloop
  endfacet
  facet normal -0.973654 -0.144434 0.176458
    outer loop
      vertex -10.947 -1.07819 40
      vertex -17.6541 -3.51163 1
      vertex -10.7886 -2.14599 40
    endloop
  endfacet
  facet normal 0.661043 -0.729304 0.176458
    outer loop
      vertex 12.7279 -12.7279 1
      vertex 7.77817 -7.77817 40
      vertex 11.4191 -13.9142 1
    endloop
  endfacet
  facet normal -0.336892 0.941543 0
    outer loop
      vertex -5.22512 17.2249 0
      vertex -6.8883 16.6298 1
      vertex -5.22512 17.2249 1
    endloop
  endfacet
  facet normal -0.336892 0.941543 0
    outer loop
      vertex -6.8883 16.6298 1
      vertex -5.22512 17.2249 0
      vertex -6.8883 16.6298 0
    endloop
  endfacet
  facet normal 0.595716 -0.803195 0
    outer loop
      vertex 10.0003 -14.9665 0
      vertex 11.4191 -13.9142 1
      vertex 10.0003 -14.9665 1
    endloop
  endfacet
  facet normal 0.595716 -0.803195 0
    outer loop
      vertex 11.4191 -13.9142 1
      vertex 10.0003 -14.9665 0
      vertex 11.4191 -13.9142 0
    endloop
  endfacet
  facet normal 0.239172 0.954809 0.176458
    outer loop
      vertex 3.51163 17.6541 1
      vertex 2.14599 10.7886 40
      vertex 3.19313 10.5263 40
    endloop
  endfacet
  facet normal -0.973654 0.144434 0.176458
    outer loop
      vertex -10.7886 2.14599 40
      vertex -17.6541 3.51163 1
      vertex -10.947 1.07819 40
    endloop
  endfacet
  facet normal -0.970032 -0.242977 0
    outer loop
      vertex -17.2249 -5.22512 0
      vertex -17.6541 -3.51163 1
      vertex -17.6541 -3.51163 0
    endloop
  endfacet
  facet normal -0.970032 -0.242977 0
    outer loop
      vertex -17.6541 -3.51163 1
      vertex -17.2249 -5.22512 0
      vertex -17.2249 -5.22512 1
    endloop
  endfacet
  facet normal -0.941543 0.336892 0
    outer loop
      vertex -17.2249 5.22512 0
      vertex -16.6298 6.8883 1
      vertex -16.6298 6.8883 0
    endloop
  endfacet
  facet normal -0.941543 0.336892 0
    outer loop
      vertex -16.6298 6.8883 1
      vertex -17.2249 5.22512 0
      vertex -17.2249 5.22512 1
    endloop
  endfacet
  facet normal -0.790591 -0.586368 0.176459
    outer loop
      vertex -8.50311 -6.97833 40
      vertex -14.9665 -10.0003 1
      vertex -13.9142 -11.4191 1
    endloop
  endfacet
  facet normal -0.926769 -0.331606 0.176458
    outer loop
      vertex -10.5263 -3.19313 40
      vertex -17.2249 -5.22512 1
      vertex -16.6298 -6.8883 1
    endloop
  endfacet
  facet normal 0.740931 0.671582 0
    outer loop
      vertex 13.9142 11.4191 1
      vertex 12.7279 12.7279 0
      vertex 12.7279 12.7279 1
    endloop
  endfacet
  facet normal 0.740931 0.671582 0
    outer loop
      vertex 12.7279 12.7279 0
      vertex 13.9142 11.4191 1
      vertex 13.9142 11.4191 0
    endloop
  endfacet
  facet normal 0.983122 -0.0483116 0.176458
    outer loop
      vertex 18 0 1
      vertex 10.947 -1.07819 40
      vertex 17.9133 -1.76431 1
    endloop
  endfacet
  facet normal 0.0490818 0.998795 -0
    outer loop
      vertex 1.76431 17.9133 0
      vertex 0 18 1
      vertex 1.76431 17.9133 1
    endloop
  endfacet
  facet normal 0.0490818 0.998795 0
    outer loop
      vertex 0 18 1
      vertex 1.76431 17.9133 0
      vertex 0 18 0
    endloop
  endfacet
  facet normal 0.42087 0.889793 0.176456
    outer loop
      vertex 6.8883 16.6298 1
      vertex 4.20952 10.1627 40
      vertex 5.18536 9.70113 40
    endloop
  endfacet
  facet normal 0.506014 -0.844282 0.176459
    outer loop
      vertex 10.0003 -14.9665 1
      vertex 5.18536 -9.70113 40
      vertex 8.48514 -15.8746 1
    endloop
  endfacet
  facet normal 0.336892 0.941543 -0
    outer loop
      vertex 6.8883 16.6298 0
      vertex 5.22512 17.2249 1
      vertex 6.8883 16.6298 1
    endloop
  endfacet
  facet normal 0.336892 0.941543 0
    outer loop
      vertex 5.22512 17.2249 1
      vertex 6.8883 16.6298 0
      vertex 5.22512 17.2249 0
    endloop
  endfacet
  facet normal 0.983121 -0.0483268 0.176458
    outer loop
      vertex 11 0 40
      vertex 10.947 -1.07819 40
      vertex 18 0 1
    endloop
  endfacet
  facet normal 0.661025 0.729321 0.176458
    outer loop
      vertex 11.4191 13.9142 1
      vertex 6.97833 8.50311 40
      vertex 7.77817 7.77817 40
    endloop
  endfacet
  facet normal 0.889793 0.42087 0.176456
    outer loop
      vertex 16.6298 6.8883 1
      vertex 9.70113 5.18536 40
      vertex 10.1627 4.20952 40
    endloop
  endfacet
  facet normal 0.844282 -0.506014 0.176459
    outer loop
      vertex 15.8746 -8.48514 1
      vertex 9.70113 -5.18536 40
      vertex 14.9665 -10.0003 1
    endloop
  endfacet
  facet normal 0.857742 0.514081 0
    outer loop
      vertex 15.8746 8.48514 1
      vertex 14.9665 10.0003 0
      vertex 14.9665 10.0003 1
    endloop
  endfacet
  facet normal 0.857742 0.514081 0
    outer loop
      vertex 14.9665 10.0003 0
      vertex 15.8746 8.48514 1
      vertex 15.8746 8.48514 0
    endloop
  endfacet
  facet normal 0.729304 0.661043 0.176458
    outer loop
      vertex 12.7279 12.7279 1
      vertex 7.77817 7.77817 40
      vertex 13.9142 11.4191 1
    endloop
  endfacet
  facet normal -0.427532 -0.904 0
    outer loop
      vertex -8.48514 -15.8746 0
      vertex -6.8883 -16.6298 1
      vertex -8.48514 -15.8746 1
    endloop
  endfacet
  facet normal -0.427532 -0.904 -0
    outer loop
      vertex -6.8883 -16.6298 1
      vertex -8.48514 -15.8746 0
      vertex -6.8883 -16.6298 0
    endloop
  endfacet
  facet normal 0.420824 0.889815 0.176458
    outer loop
      vertex 6.8883 16.6298 1
      vertex 5.18536 9.70113 40
      vertex 8.48514 15.8746 1
    endloop
  endfacet
  facet normal -0.506014 0.844282 0.176459
    outer loop
      vertex -8.48514 15.8746 1
      vertex -10.0003 14.9665 1
      vertex -5.18536 9.70113 40
    endloop
  endfacet
  facet normal -0.998795 -0.0490818 0
    outer loop
      vertex -17.9133 -1.76431 0
      vertex -18 0 1
      vertex -18 0 0
    endloop
  endfacet
  facet normal -0.998795 -0.0490818 0
    outer loop
      vertex -18 0 1
      vertex -17.9133 -1.76431 0
      vertex -17.9133 -1.76431 1
    endloop
  endfacet
  facet normal -0.661043 0.729304 0.176458
    outer loop
      vertex -11.4191 13.9142 1
      vertex -12.7279 12.7279 1
      vertex -7.77817 7.77817 40
    endloop
  endfacet
  facet normal 0.146736 0.989176 -0
    outer loop
      vertex 3.51163 17.6541 0
      vertex 1.76431 17.9133 1
      vertex 3.51163 17.6541 1
    endloop
  endfacet
  facet normal 0.146736 0.989176 0
    outer loop
      vertex 1.76431 17.9133 1
      vertex 3.51163 17.6541 0
      vertex 1.76431 17.9133 0
    endloop
  endfacet
  facet normal -0.42087 -0.889793 0.176456
    outer loop
      vertex -5.18536 -9.70113 40
      vertex -6.8883 -16.6298 1
      vertex -4.20952 -10.1627 40
    endloop
  endfacet
  facet normal -0.239164 -0.954811 0.176458
    outer loop
      vertex -3.19313 -10.5263 40
      vertex -5.22512 -17.2249 1
      vertex -3.51163 -17.6541 1
    endloop
  endfacet
  facet normal -0.0490818 -0.998795 0
    outer loop
      vertex -1.76431 -17.9133 0
      vertex 0 -18 1
      vertex -1.76431 -17.9133 1
    endloop
  endfacet
  facet normal -0.0490818 -0.998795 -0
    outer loop
      vertex 0 -18 1
      vertex -1.76431 -17.9133 0
      vertex 0 -18 0
    endloop
  endfacet
  facet normal -0.586368 -0.790591 0.176459
    outer loop
      vertex -6.97833 -8.50311 40
      vertex -11.4191 -13.9142 1
      vertex -10.0003 -14.9665 1
    endloop
  endfacet
  facet normal 0.889815 0.420824 0.176458
    outer loop
      vertex 15.8746 8.48514 1
      vertex 9.70113 5.18536 40
      vertex 16.6298 6.8883 1
    endloop
  endfacet
  facet normal 0.904 -0.427532 0
    outer loop
      vertex 15.8746 -8.48514 1
      vertex 16.6298 -6.8883 0
      vertex 16.6298 -6.8883 1
    endloop
  endfacet
  facet normal 0.904 -0.427532 0
    outer loop
      vertex 16.6298 -6.8883 0
      vertex 15.8746 -8.48514 1
      vertex 15.8746 -8.48514 0
    endloop
  endfacet
  facet normal -0.844269 -0.506036 0.176459
    outer loop
      vertex -9.70113 -5.18536 40
      vertex -14.9665 -10.0003 1
      vertex -9.14616 -6.11127 40
    endloop
  endfacet
  facet normal 0.998795 0.0490818 0
    outer loop
      vertex 18 0 1
      vertex 17.9133 1.76431 0
      vertex 17.9133 1.76431 1
    endloop
  endfacet
  facet normal 0.998795 0.0490818 0
    outer loop
      vertex 17.9133 1.76431 0
      vertex 18 0 1
      vertex 18 0 0
    endloop
  endfacet
  facet normal 0.844282 0.506014 0.176459
    outer loop
      vertex 14.9665 10.0003 1
      vertex 9.70113 5.18536 40
      vertex 15.8746 8.48514 1
    endloop
  endfacet
  facet normal 0.0490818 -0.998795 0
    outer loop
      vertex 0 -18 0
      vertex 1.76431 -17.9133 1
      vertex 0 -18 1
    endloop
  endfacet
  facet normal 0.0490818 -0.998795 0
    outer loop
      vertex 1.76431 -17.9133 1
      vertex 0 -18 0
      vertex 1.76431 -17.9133 0
    endloop
  endfacet
  facet normal 0.514081 -0.857742 0
    outer loop
      vertex 8.48514 -15.8746 0
      vertex 10.0003 -14.9665 1
      vertex 8.48514 -15.8746 1
    endloop
  endfacet
  facet normal 0.514081 -0.857742 0
    outer loop
      vertex 10.0003 -14.9665 1
      vertex 8.48514 -15.8746 0
      vertex 10.0003 -14.9665 0
    endloop
  endfacet
  facet normal 0.954811 0.239164 0.176458
    outer loop
      vertex 17.2249 5.22512 1
      vertex 10.5263 3.19313 40
      vertex 17.6541 3.51163 1
    endloop
  endfacet
  facet normal 0.983122 0.0483116 0.176458
    outer loop
      vertex 17.9133 1.76431 1
      vertex 10.947 1.07819 40
      vertex 18 0 1
    endloop
  endfacet
  facet normal 0.983121 0.0483268 0.176458
    outer loop
      vertex 18 0 1
      vertex 10.947 1.07819 40
      vertex 11 0 40
    endloop
  endfacet
  facet normal 0.146736 -0.989176 0
    outer loop
      vertex 1.76431 -17.9133 0
      vertex 3.51163 -17.6541 1
      vertex 1.76431 -17.9133 1
    endloop
  endfacet
  facet normal 0.146736 -0.989176 0
    outer loop
      vertex 3.51163 -17.6541 1
      vertex 1.76431 -17.9133 0
      vertex 3.51163 -17.6541 0
    endloop
  endfacet
  facet normal 0.790591 -0.586368 0.176459
    outer loop
      vertex 14.9665 -10.0003 1
      vertex 8.50311 -6.97833 40
      vertex 13.9142 -11.4191 1
    endloop
  endfacet
  facet normal -0.844282 -0.506014 0.176459
    outer loop
      vertex -9.70113 -5.18536 40
      vertex -15.8746 -8.48514 1
      vertex -14.9665 -10.0003 1
    endloop
  endfacet
  facet normal -0.941543 -0.336892 0
    outer loop
      vertex -16.6298 -6.8883 0
      vertex -17.2249 -5.22512 1
      vertex -17.2249 -5.22512 0
    endloop
  endfacet
  facet normal -0.941543 -0.336892 0
    outer loop
      vertex -17.2249 -5.22512 1
      vertex -16.6298 -6.8883 0
      vertex -16.6298 -6.8883 1
    endloop
  endfacet
  facet normal -0.904 -0.427532 0
    outer loop
      vertex -15.8746 -8.48514 0
      vertex -16.6298 -6.8883 1
      vertex -16.6298 -6.8883 0
    endloop
  endfacet
  facet normal -0.904 -0.427532 0
    outer loop
      vertex -16.6298 -6.8883 1
      vertex -15.8746 -8.48514 0
      vertex -15.8746 -8.48514 1
    endloop
  endfacet
  facet normal -0.857742 -0.514081 0
    outer loop
      vertex -14.9665 -10.0003 0
      vertex -15.8746 -8.48514 1
      vertex -15.8746 -8.48514 0
    endloop
  endfacet
  facet normal -0.857742 -0.514081 0
    outer loop
      vertex -15.8746 -8.48514 1
      vertex -14.9665 -10.0003 0
      vertex -14.9665 -10.0003 1
    endloop
  endfacet
  facet normal 0.661043 0.729304 0.176458
    outer loop
      vertex 11.4191 13.9142 1
      vertex 7.77817 7.77817 40
      vertex 12.7279 12.7279 1
    endloop
  endfacet
  facet normal -0.844269 0.506036 0.176459
    outer loop
      vertex -9.14616 6.11127 40
      vertex -14.9665 10.0003 1
      vertex -9.70113 5.18536 40
    endloop
  endfacet
  facet normal 0.954809 0.239172 0.176458
    outer loop
      vertex 17.6541 3.51163 1
      vertex 10.5263 3.19313 40
      vertex 10.7886 2.14599 40
    endloop
  endfacet
  facet normal 0.973654 0.144434 0.176458
    outer loop
      vertex 17.6541 3.51163 1
      vertex 10.7886 2.14599 40
      vertex 10.947 1.07819 40
    endloop
  endfacet
  facet normal 0.239164 -0.954811 0.176458
    outer loop
      vertex 5.22512 -17.2249 1
      vertex 3.19313 -10.5263 40
      vertex 3.51163 -17.6541 1
    endloop
  endfacet
  facet normal -0.790606 -0.586348 0.17646
    outer loop
      vertex -9.14616 -6.11127 40
      vertex -14.9665 -10.0003 1
      vertex -8.50311 -6.97833 40
    endloop
  endfacet
  facet normal -0.595716 -0.803195 0
    outer loop
      vertex -11.4191 -13.9142 0
      vertex -10.0003 -14.9665 1
      vertex -11.4191 -13.9142 1
    endloop
  endfacet
  facet normal -0.595716 -0.803195 -0
    outer loop
      vertex -10.0003 -14.9665 1
      vertex -11.4191 -13.9142 0
      vertex -10.0003 -14.9665 0
    endloop
  endfacet
  facet normal 0.671582 0.740931 -0
    outer loop
      vertex 12.7279 12.7279 0
      vertex 11.4191 13.9142 1
      vertex 12.7279 12.7279 1
    endloop
  endfacet
  facet normal 0.671582 0.740931 0
    outer loop
      vertex 11.4191 13.9142 1
      vertex 12.7279 12.7279 0
      vertex 11.4191 13.9142 0
    endloop
  endfacet
  facet normal -0.970032 0.242977 0
    outer loop
      vertex -17.6541 3.51163 0
      vertex -17.2249 5.22512 1
      vertex -17.2249 5.22512 0
    endloop
  endfacet
  facet normal -0.970032 0.242977 0
    outer loop
      vertex -17.2249 5.22512 1
      vertex -17.6541 3.51163 0
      vertex -17.6541 3.51163 1
    endloop
  endfacet
  facet normal 0.803195 0.595716 0
    outer loop
      vertex 14.9665 10.0003 1
      vertex 13.9142 11.4191 0
      vertex 13.9142 11.4191 1
    endloop
  endfacet
  facet normal 0.803195 0.595716 0
    outer loop
      vertex 13.9142 11.4191 0
      vertex 14.9665 10.0003 1
      vertex 14.9665 10.0003 0
    endloop
  endfacet
  facet normal 0.954809 -0.239172 0.176458
    outer loop
      vertex 10.7886 -2.14599 40
      vertex 10.5263 -3.19313 40
      vertex 17.6541 -3.51163 1
    endloop
  endfacet
  facet normal -0.983121 -0.0483268 0.176458
    outer loop
      vertex -11 0 40
      vertex -18 0 1
      vertex -10.947 -1.07819 40
    endloop
  endfacet
  facet normal 0.586348 0.790606 0.17646
    outer loop
      vertex 10.0003 14.9665 1
      vertex 6.11127 9.14616 40
      vertex 6.97833 8.50311 40
    endloop
  endfacet
  facet normal -0.144433 -0.973654 0.176458
    outer loop
      vertex -1.07819 -10.947 40
      vertex -3.51163 -17.6541 1
      vertex -1.76431 -17.9133 1
    endloop
  endfacet
  facet normal 0.506036 0.844269 0.176459
    outer loop
      vertex 10.0003 14.9665 1
      vertex 5.18536 9.70113 40
      vertex 6.11127 9.14616 40
    endloop
  endfacet
  facet normal -0.331606 -0.926769 0.176458
    outer loop
      vertex -3.19313 -10.5263 40
      vertex -6.8883 -16.6298 1
      vertex -5.22512 -17.2249 1
    endloop
  endfacet
  facet normal -0.889815 0.420824 0.176458
    outer loop
      vertex -15.8746 8.48514 1
      vertex -16.6298 6.8883 1
      vertex -9.70113 5.18536 40
    endloop
  endfacet
  facet normal 0.0483116 -0.983122 0.176458
    outer loop
      vertex 1.07819 -10.947 40
      vertex 0 -18 1
      vertex 1.76431 -17.9133 1
    endloop
  endfacet
  facet normal 0.242977 0.970032 -0
    outer loop
      vertex 5.22512 17.2249 0
      vertex 3.51163 17.6541 1
      vertex 5.22512 17.2249 1
    endloop
  endfacet
  facet normal 0.242977 0.970032 0
    outer loop
      vertex 3.51163 17.6541 1
      vertex 5.22512 17.2249 0
      vertex 3.51163 17.6541 0
    endloop
  endfacet
  facet normal 0.926769 -0.331606 0.176458
    outer loop
      vertex 17.2249 -5.22512 1
      vertex 10.5263 -3.19313 40
      vertex 16.6298 -6.8883 1
    endloop
  endfacet
  facet normal 0.144433 0.973654 0.176458
    outer loop
      vertex 1.76431 17.9133 1
      vertex 1.07819 10.947 40
      vertex 3.51163 17.6541 1
    endloop
  endfacet
  facet normal 0.729321 0.661025 0.176458
    outer loop
      vertex 13.9142 11.4191 1
      vertex 7.77817 7.77817 40
      vertex 8.50311 6.97833 40
    endloop
  endfacet
  facet normal 0.790591 0.586368 0.176459
    outer loop
      vertex 13.9142 11.4191 1
      vertex 8.50311 6.97833 40
      vertex 14.9665 10.0003 1
    endloop
  endfacet
  facet normal 0.989176 0.146736 0
    outer loop
      vertex 17.9133 1.76431 1
      vertex 17.6541 3.51163 0
      vertex 17.6541 3.51163 1
    endloop
  endfacet
  facet normal 0.989176 0.146736 0
    outer loop
      vertex 17.6541 3.51163 0
      vertex 17.9133 1.76431 1
      vertex 17.9133 1.76431 0
    endloop
  endfacet
  facet normal 0.661025 -0.729321 0.176458
    outer loop
      vertex 7.77817 -7.77817 40
      vertex 6.97833 -8.50311 40
      vertex 11.4191 -13.9142 1
    endloop
  endfacet
  facet normal 0.92679 0.331547 0.176456
    outer loop
      vertex 16.6298 6.8883 1
      vertex 10.1627 4.20952 40
      vertex 10.5263 3.19313 40
    endloop
  endfacet
  facet normal 0.926769 0.331606 0.176458
    outer loop
      vertex 16.6298 6.8883 1
      vertex 10.5263 3.19313 40
      vertex 17.2249 5.22512 1
    endloop
  endfacet
  facet normal 0.0483268 -0.983121 0.176458
    outer loop
      vertex 0 -11 40
      vertex 0 -18 1
      vertex 1.07819 -10.947 40
    endloop
  endfacet
  facet normal 0.336892 -0.941543 0
    outer loop
      vertex 5.22512 -17.2249 0
      vertex 6.8883 -16.6298 1
      vertex 5.22512 -17.2249 1
    endloop
  endfacet
  facet normal 0.336892 -0.941543 0
    outer loop
      vertex 6.8883 -16.6298 1
      vertex 5.22512 -17.2249 0
      vertex 6.8883 -16.6298 0
    endloop
  endfacet
  facet normal 0.970032 0.242977 0
    outer loop
      vertex 17.6541 3.51163 1
      vertex 17.2249 5.22512 0
      vertex 17.2249 5.22512 1
    endloop
  endfacet
  facet normal 0.970032 0.242977 0
    outer loop
      vertex 17.2249 5.22512 0
      vertex 17.6541 3.51163 1
      vertex 17.6541 3.51163 0
    endloop
  endfacet
  facet normal 0.998795 -0.0490818 0
    outer loop
      vertex 17.9133 -1.76431 1
      vertex 18 0 0
      vertex 18 0 1
    endloop
  endfacet
  facet normal 0.998795 -0.0490818 0
    outer loop
      vertex 18 0 0
      vertex 17.9133 -1.76431 1
      vertex 17.9133 -1.76431 0
    endloop
  endfacet
  facet normal -0.144434 0.973654 0.176458
    outer loop
      vertex -1.07819 10.947 40
      vertex -3.51163 17.6541 1
      vertex -2.14599 10.7886 40
    endloop
  endfacet
  facet normal -0.989176 0.146736 0
    outer loop
      vertex -17.9133 1.76431 0
      vertex -17.6541 3.51163 1
      vertex -17.6541 3.51163 0
    endloop
  endfacet
  facet normal -0.989176 0.146736 0
    outer loop
      vertex -17.6541 3.51163 1
      vertex -17.9133 1.76431 0
      vertex -17.9133 1.76431 1
    endloop
  endfacet
  facet normal -0.803195 0.595716 0
    outer loop
      vertex -14.9665 10.0003 0
      vertex -13.9142 11.4191 1
      vertex -13.9142 11.4191 0
    endloop
  endfacet
  facet normal -0.803195 0.595716 0
    outer loop
      vertex -13.9142 11.4191 1
      vertex -14.9665 10.0003 0
      vertex -14.9665 10.0003 1
    endloop
  endfacet
  facet normal -0.595716 0.803195 0
    outer loop
      vertex -10.0003 14.9665 0
      vertex -11.4191 13.9142 1
      vertex -10.0003 14.9665 1
    endloop
  endfacet
  facet normal -0.595716 0.803195 0
    outer loop
      vertex -11.4191 13.9142 1
      vertex -10.0003 14.9665 0
      vertex -11.4191 13.9142 0
    endloop
  endfacet
  facet normal 0.889815 -0.420824 0.176458
    outer loop
      vertex 16.6298 -6.8883 1
      vertex 9.70113 -5.18536 40
      vertex 15.8746 -8.48514 1
    endloop
  endfacet
  facet normal -0.506036 0.844269 0.176459
    outer loop
      vertex -5.18536 9.70113 40
      vertex -10.0003 14.9665 1
      vertex -6.11127 9.14616 40
    endloop
  endfacet
  facet normal 0.857742 -0.514081 0
    outer loop
      vertex 14.9665 -10.0003 1
      vertex 15.8746 -8.48514 0
      vertex 15.8746 -8.48514 1
    endloop
  endfacet
  facet normal 0.857742 -0.514081 0
    outer loop
      vertex 15.8746 -8.48514 0
      vertex 14.9665 -10.0003 1
      vertex 14.9665 -10.0003 0
    endloop
  endfacet
  facet normal 0.941543 -0.336892 0
    outer loop
      vertex 16.6298 -6.8883 1
      vertex 17.2249 -5.22512 0
      vertex 17.2249 -5.22512 1
    endloop
  endfacet
  facet normal 0.941543 -0.336892 0
    outer loop
      vertex 17.2249 -5.22512 0
      vertex 16.6298 -6.8883 1
      vertex 16.6298 -6.8883 0
    endloop
  endfacet
  facet normal -0.740931 0.671582 0
    outer loop
      vertex -13.9142 11.4191 0
      vertex -12.7279 12.7279 1
      vertex -12.7279 12.7279 0
    endloop
  endfacet
  facet normal -0.740931 0.671582 0
    outer loop
      vertex -12.7279 12.7279 1
      vertex -13.9142 11.4191 0
      vertex -13.9142 11.4191 1
    endloop
  endfacet
  facet normal -0.729321 0.661025 0.176458
    outer loop
      vertex -7.77817 7.77817 40
      vertex -13.9142 11.4191 1
      vertex -8.50311 6.97833 40
    endloop
  endfacet
  facet normal -0.790591 0.586368 0.176459
    outer loop
      vertex -13.9142 11.4191 1
      vertex -14.9665 10.0003 1
      vertex -8.50311 6.97833 40
    endloop
  endfacet
  facet normal -0.889815 -0.420824 0.176458
    outer loop
      vertex -9.70113 -5.18536 40
      vertex -16.6298 -6.8883 1
      vertex -15.8746 -8.48514 1
    endloop
  endfacet
  facet normal 0.0483116 0.983122 0.176458
    outer loop
      vertex 1.76431 17.9133 1
      vertex 0 18 1
      vertex 1.07819 10.947 40
    endloop
  endfacet
  facet normal 0.941543 0.336892 0
    outer loop
      vertex 17.2249 5.22512 1
      vertex 16.6298 6.8883 0
      vertex 16.6298 6.8883 1
    endloop
  endfacet
  facet normal 0.941543 0.336892 0
    outer loop
      vertex 16.6298 6.8883 0
      vertex 17.2249 5.22512 1
      vertex 17.2249 5.22512 0
    endloop
  endfacet
  facet normal 0.239172 -0.954809 0.176458
    outer loop
      vertex 3.19313 -10.5263 40
      vertex 2.14599 -10.7886 40
      vertex 3.51163 -17.6541 1
    endloop
  endfacet
  facet normal -0.729304 0.661043 0.176458
    outer loop
      vertex -12.7279 12.7279 1
      vertex -13.9142 11.4191 1
      vertex -7.77817 7.77817 40
    endloop
  endfacet
  facet normal 0.844269 0.506036 0.176459
    outer loop
      vertex 14.9665 10.0003 1
      vertex 9.14616 6.11127 40
      vertex 9.70113 5.18536 40
    endloop
  endfacet
  facet normal -0.790606 0.586348 0.17646
    outer loop
      vertex -8.50311 6.97833 40
      vertex -14.9665 10.0003 1
      vertex -9.14616 6.11127 40
    endloop
  endfacet
  facet normal -0.857742 0.514081 0
    outer loop
      vertex -15.8746 8.48514 0
      vertex -14.9665 10.0003 1
      vertex -14.9665 10.0003 0
    endloop
  endfacet
  facet normal -0.857742 0.514081 0
    outer loop
      vertex -14.9665 10.0003 1
      vertex -15.8746 8.48514 0
      vertex -15.8746 8.48514 1
    endloop
  endfacet
  facet normal -0.926769 0.331606 0.176458
    outer loop
      vertex -16.6298 6.8883 1
      vertex -17.2249 5.22512 1
      vertex -10.5263 3.19313 40
    endloop
  endfacet
  facet normal -0.954811 0.239164 0.176458
    outer loop
      vertex -17.2249 5.22512 1
      vertex -17.6541 3.51163 1
      vertex -10.5263 3.19313 40
    endloop
  endfacet
  facet normal 0.954811 -0.239164 0.176458
    outer loop
      vertex 17.6541 -3.51163 1
      vertex 10.5263 -3.19313 40
      vertex 17.2249 -5.22512 1
    endloop
  endfacet
  facet normal 0.0483268 0.983121 0.176458
    outer loop
      vertex 0 18 1
      vertex 0 11 40
      vertex 1.07819 10.947 40
    endloop
  endfacet
  facet normal -0.242977 -0.970032 0
    outer loop
      vertex -5.22512 -17.2249 0
      vertex -3.51163 -17.6541 1
      vertex -5.22512 -17.2249 1
    endloop
  endfacet
  facet normal -0.242977 -0.970032 -0
    outer loop
      vertex -3.51163 -17.6541 1
      vertex -5.22512 -17.2249 0
      vertex -3.51163 -17.6541 0
    endloop
  endfacet
  facet normal 0.740931 -0.671582 0
    outer loop
      vertex 12.7279 -12.7279 1
      vertex 13.9142 -11.4191 0
      vertex 13.9142 -11.4191 1
    endloop
  endfacet
  facet normal 0.740931 -0.671582 0
    outer loop
      vertex 13.9142 -11.4191 0
      vertex 12.7279 -12.7279 1
      vertex 12.7279 -12.7279 0
    endloop
  endfacet
  facet normal 0.427532 -0.904 0
    outer loop
      vertex 6.8883 -16.6298 0
      vertex 8.48514 -15.8746 1
      vertex 6.8883 -16.6298 1
    endloop
  endfacet
  facet normal 0.427532 -0.904 0
    outer loop
      vertex 8.48514 -15.8746 1
      vertex 6.8883 -16.6298 0
      vertex 8.48514 -15.8746 0
    endloop
  endfacet
  facet normal 0.844269 -0.506036 0.176459
    outer loop
      vertex 9.70113 -5.18536 40
      vertex 9.14616 -6.11127 40
      vertex 14.9665 -10.0003 1
    endloop
  endfacet
  facet normal -0.998795 0.0490818 0
    outer loop
      vertex -18 0 0
      vertex -17.9133 1.76431 1
      vertex -17.9133 1.76431 0
    endloop
  endfacet
  facet normal -0.998795 0.0490818 0
    outer loop
      vertex -17.9133 1.76431 1
      vertex -18 0 0
      vertex -18 0 1
    endloop
  endfacet
  facet normal 0.904 0.427532 0
    outer loop
      vertex 16.6298 6.8883 1
      vertex 15.8746 8.48514 0
      vertex 15.8746 8.48514 1
    endloop
  endfacet
  facet normal 0.904 0.427532 0
    outer loop
      vertex 15.8746 8.48514 0
      vertex 16.6298 6.8883 1
      vertex 16.6298 6.8883 0
    endloop
  endfacet
  facet normal -0.42087 0.889793 0.176456
    outer loop
      vertex -4.20952 10.1627 40
      vertex -6.8883 16.6298 1
      vertex -5.18536 9.70113 40
    endloop
  endfacet
  facet normal -0.973654 -0.144433 0.176458
    outer loop
      vertex -10.947 -1.07819 40
      vertex -17.9133 -1.76431 1
      vertex -17.6541 -3.51163 1
    endloop
  endfacet
  facet normal -0.506014 -0.844282 0.176459
    outer loop
      vertex -5.18536 -9.70113 40
      vertex -10.0003 -14.9665 1
      vertex -8.48514 -15.8746 1
    endloop
  endfacet
  facet normal 0.973654 -0.144434 0.176458
    outer loop
      vertex 10.947 -1.07819 40
      vertex 10.7886 -2.14599 40
      vertex 17.6541 -3.51163 1
    endloop
  endfacet
  facet normal 0.595716 0.803195 -0
    outer loop
      vertex 11.4191 13.9142 0
      vertex 10.0003 14.9665 1
      vertex 11.4191 13.9142 1
    endloop
  endfacet
  facet normal 0.595716 0.803195 0
    outer loop
      vertex 10.0003 14.9665 1
      vertex 11.4191 13.9142 0
      vertex 10.0003 14.9665 0
    endloop
  endfacet
  facet normal -0.983121 0.0483268 0.176458
    outer loop
      vertex -10.947 1.07819 40
      vertex -18 0 1
      vertex -11 0 40
    endloop
  endfacet
  facet normal 0.242977 -0.970032 0
    outer loop
      vertex 3.51163 -17.6541 0
      vertex 5.22512 -17.2249 1
      vertex 3.51163 -17.6541 1
    endloop
  endfacet
  facet normal 0.242977 -0.970032 0
    outer loop
      vertex 5.22512 -17.2249 1
      vertex 3.51163 -17.6541 0
      vertex 5.22512 -17.2249 0
    endloop
  endfacet
  facet normal -0.427532 0.904 0
    outer loop
      vertex -6.8883 16.6298 0
      vertex -8.48514 15.8746 1
      vertex -6.8883 16.6298 1
    endloop
  endfacet
  facet normal -0.427532 0.904 0
    outer loop
      vertex -8.48514 15.8746 1
      vertex -6.8883 16.6298 0
      vertex -8.48514 15.8746 0
    endloop
  endfacet
  facet normal 0.586368 -0.790591 0.176459
    outer loop
      vertex 11.4191 -13.9142 1
      vertex 6.97833 -8.50311 40
      vertex 10.0003 -14.9665 1
    endloop
  endfacet
  facet normal 0.586348 -0.790606 0.17646
    outer loop
      vertex 6.97833 -8.50311 40
      vertex 6.11127 -9.14616 40
      vertex 10.0003 -14.9665 1
    endloop
  endfacet
  facet normal -0.239172 -0.954809 0.176458
    outer loop
      vertex -3.19313 -10.5263 40
      vertex -3.51163 -17.6541 1
      vertex -2.14599 -10.7886 40
    endloop
  endfacet
  facet normal -0.144434 -0.973654 0.176458
    outer loop
      vertex -2.14599 -10.7886 40
      vertex -3.51163 -17.6541 1
      vertex -1.07819 -10.947 40
    endloop
  endfacet
  facet normal -0.0483116 -0.983122 0.176458
    outer loop
      vertex -1.07819 -10.947 40
      vertex -1.76431 -17.9133 1
      vertex 0 -18 1
    endloop
  endfacet
  facet normal 0.239164 0.954811 0.176458
    outer loop
      vertex 3.51163 17.6541 1
      vertex 3.19313 10.5263 40
      vertex 5.22512 17.2249 1
    endloop
  endfacet
  facet normal -0.671582 0.740931 0
    outer loop
      vertex -11.4191 13.9142 0
      vertex -12.7279 12.7279 1
      vertex -11.4191 13.9142 1
    endloop
  endfacet
  facet normal -0.671582 0.740931 0
    outer loop
      vertex -12.7279 12.7279 1
      vertex -11.4191 13.9142 0
      vertex -12.7279 12.7279 0
    endloop
  endfacet
  facet normal -0.331547 -0.92679 0.176456
    outer loop
      vertex -4.20952 -10.1627 40
      vertex -6.8883 -16.6298 1
      vertex -3.19313 -10.5263 40
    endloop
  endfacet
  facet normal 0.803195 -0.595716 0
    outer loop
      vertex 13.9142 -11.4191 1
      vertex 14.9665 -10.0003 0
      vertex 14.9665 -10.0003 1
    endloop
  endfacet
  facet normal 0.803195 -0.595716 0
    outer loop
      vertex 14.9665 -10.0003 0
      vertex 13.9142 -11.4191 1
      vertex 13.9142 -11.4191 0
    endloop
  endfacet
  facet normal 0.671582 -0.740931 0
    outer loop
      vertex 11.4191 -13.9142 0
      vertex 12.7279 -12.7279 1
      vertex 11.4191 -13.9142 1
    endloop
  endfacet
  facet normal 0.671582 -0.740931 0
    outer loop
      vertex 12.7279 -12.7279 1
      vertex 11.4191 -13.9142 0
      vertex 12.7279 -12.7279 0
    endloop
  endfacet
  facet normal -0.729321 -0.661025 0.176458
    outer loop
      vertex -8.50311 -6.97833 40
      vertex -13.9142 -11.4191 1
      vertex -7.77817 -7.77817 40
    endloop
  endfacet
  facet normal 0.144434 -0.973654 0.176458
    outer loop
      vertex 2.14599 -10.7886 40
      vertex 1.07819 -10.947 40
      vertex 3.51163 -17.6541 1
    endloop
  endfacet
  facet normal -0.146736 -0.989176 0
    outer loop
      vertex -3.51163 -17.6541 0
      vertex -1.76431 -17.9133 1
      vertex -3.51163 -17.6541 1
    endloop
  endfacet
  facet normal -0.146736 -0.989176 -0
    outer loop
      vertex -1.76431 -17.9133 1
      vertex -3.51163 -17.6541 0
      vertex -1.76431 -17.9133 0
    endloop
  endfacet
  facet normal -0.586348 0.790606 0.17646
    outer loop
      vertex -6.11127 9.14616 40
      vertex -10.0003 14.9665 1
      vertex -6.97833 8.50311 40
    endloop
  endfacet
  facet normal -0.661025 -0.729321 0.176458
    outer loop
      vertex -7.77817 -7.77817 40
      vertex -11.4191 -13.9142 1
      vertex -6.97833 -8.50311 40
    endloop
  endfacet
  facet normal -0.331547 0.92679 0.176456
    outer loop
      vertex -3.19313 10.5263 40
      vertex -6.8883 16.6298 1
      vertex -4.20952 10.1627 40
    endloop
  endfacet
  facet normal 0.144434 0.973654 0.176458
    outer loop
      vertex 3.51163 17.6541 1
      vertex 1.07819 10.947 40
      vertex 2.14599 10.7886 40
    endloop
  endfacet
  facet normal -0.671582 -0.740931 0
    outer loop
      vertex -12.7279 -12.7279 0
      vertex -11.4191 -13.9142 1
      vertex -12.7279 -12.7279 1
    endloop
  endfacet
  facet normal -0.671582 -0.740931 -0
    outer loop
      vertex -11.4191 -13.9142 1
      vertex -12.7279 -12.7279 0
      vertex -11.4191 -13.9142 0
    endloop
  endfacet
  facet normal -0.420824 0.889815 0.176458
    outer loop
      vertex -6.8883 16.6298 1
      vertex -8.48514 15.8746 1
      vertex -5.18536 9.70113 40
    endloop
  endfacet
  facet normal -0.144433 0.973654 0.176458
    outer loop
      vertex -1.76431 17.9133 1
      vertex -3.51163 17.6541 1
      vertex -1.07819 10.947 40
    endloop
  endfacet
  facet normal -0.0483116 0.983122 0.176458
    outer loop
      vertex 0 18 1
      vertex -1.76431 17.9133 1
      vertex -1.07819 10.947 40
    endloop
  endfacet
  facet normal 0.790606 -0.586348 0.17646
    outer loop
      vertex 9.14616 -6.11127 40
      vertex 8.50311 -6.97833 40
      vertex 14.9665 -10.0003 1
    endloop
  endfacet
  facet normal -0.336892 -0.941543 0
    outer loop
      vertex -6.8883 -16.6298 0
      vertex -5.22512 -17.2249 1
      vertex -6.8883 -16.6298 1
    endloop
  endfacet
  facet normal -0.336892 -0.941543 -0
    outer loop
      vertex -5.22512 -17.2249 1
      vertex -6.8883 -16.6298 0
      vertex -5.22512 -17.2249 0
    endloop
  endfacet
  facet normal -0.661025 0.729321 0.176458
    outer loop
      vertex -6.97833 8.50311 40
      vertex -11.4191 13.9142 1
      vertex -7.77817 7.77817 40
    endloop
  endfacet
  facet normal -0.586368 0.790591 0.176459
    outer loop
      vertex -10.0003 14.9665 1
      vertex -11.4191 13.9142 1
      vertex -6.97833 8.50311 40
    endloop
  endfacet
  facet normal -0.92679 0.331547 0.176456
    outer loop
      vertex -10.1627 4.20952 40
      vertex -16.6298 6.8883 1
      vertex -10.5263 3.19313 40
    endloop
  endfacet
  facet normal -0.889793 0.42087 0.176456
    outer loop
      vertex -9.70113 5.18536 40
      vertex -16.6298 6.8883 1
      vertex -10.1627 4.20952 40
    endloop
  endfacet
  facet normal -0.506036 -0.844269 0.176459
    outer loop
      vertex -6.11127 -9.14616 40
      vertex -10.0003 -14.9665 1
      vertex -5.18536 -9.70113 40
    endloop
  endfacet
  facet normal -0.954809 0.239172 0.176458
    outer loop
      vertex -10.5263 3.19313 40
      vertex -17.6541 3.51163 1
      vertex -10.7886 2.14599 40
    endloop
  endfacet
  facet normal 0.92679 -0.331547 0.176456
    outer loop
      vertex 10.5263 -3.19313 40
      vertex 10.1627 -4.20952 40
      vertex 16.6298 -6.8883 1
    endloop
  endfacet
  facet normal 0 0 1
    outer loop
      vertex 8 0 40
      vertex 11 0 40
      vertex 10.947 1.07819 40
    endloop
  endfacet
  facet normal 0 0 1
    outer loop
      vertex 7.96148 0.784137 40
      vertex 10.947 1.07819 40
      vertex 10.7886 2.14599 40
    endloop
  endfacet
  facet normal 0 0 1
    outer loop
      vertex 11 0 40
      vertex 8 0 40
      vertex 10.947 -1.07819 40
    endloop
  endfacet
  facet normal 0 0 1
    outer loop
      vertex 7.84628 1.56072 40
      vertex 10.7886 2.14599 40
      vertex 10.5263 3.19313 40
    endloop
  endfacet
  facet normal -0 0 1
    outer loop
      vertex 7.96148 -0.784137 40
      vertex 10.947 -1.07819 40
      vertex 8 0 40
    endloop
  endfacet
  facet normal 0 0 1
    outer loop
      vertex 7.65552 2.32228 40
      vertex 10.5263 3.19313 40
      vertex 10.1627 4.20952 40
    endloop
  endfacet
  facet normal 0 0 1
    outer loop
      vertex 10.947 -1.07819 40
      vertex 7.96148 -0.784137 40
      vertex 10.7886 -2.14599 40
    endloop
  endfacet
  facet normal 0 0 1
    outer loop
      vertex 7.39104 3.06147 40
      vertex 10.1627 4.20952 40
      vertex 9.70113 5.18536 40
    endloop
  endfacet
  facet normal -0 0 1
    outer loop
      vertex 7.84628 -1.56072 40
      vertex 10.7886 -2.14599 40
      vertex 7.96148 -0.784137 40
    endloop
  endfacet
  facet normal 0 0 1
    outer loop
      vertex 7.05537 3.77117 40
      vertex 9.70113 5.18536 40
      vertex 9.14616 6.11127 40
    endloop
  endfacet
  facet normal 0 0 1
    outer loop
      vertex 10.7886 -2.14599 40
      vertex 7.84628 -1.56072 40
      vertex 10.5263 -3.19313 40
    endloop
  endfacet
  facet normal 0 0 1
    outer loop
      vertex 6.65176 4.44456 40
      vertex 9.14616 6.11127 40
      vertex 8.50311 6.97833 40
    endloop
  endfacet
  facet normal -0 0 1
    outer loop
      vertex 7.65552 -2.32228 40
      vertex 10.5263 -3.19313 40
      vertex 7.84628 -1.56072 40
    endloop
  endfacet
  facet normal 0 0 1
    outer loop
      vertex 10.5263 -3.19313 40
      vertex 7.65552 -2.32228 40
      vertex 10.1627 -4.20952 40
    endloop
  endfacet
  facet normal 0 0 1
    outer loop
      vertex 10.947 1.07819 40
      vertex 7.96148 0.784137 40
      vertex 8 0 40
    endloop
  endfacet
  facet normal 0 0 1
    outer loop
      vertex 10.7886 2.14599 40
      vertex 7.84628 1.56072 40
      vertex 7.96148 0.784137 40
    endloop
  endfacet
  facet normal 0 0 1
    outer loop
      vertex 6.18408 5.07515 40
      vertex 8.50311 6.97833 40
      vertex 7.77817 7.77817 40
    endloop
  endfacet
  facet normal 0 0 1
    outer loop
      vertex 10.5263 3.19313 40
      vertex 7.65552 2.32228 40
      vertex 7.84628 1.56072 40
    endloop
  endfacet
  facet normal 0 0 1
    outer loop
      vertex 10.1627 4.20952 40
      vertex 7.39104 3.06147 40
      vertex 7.65552 2.32228 40
    endloop
  endfacet
  facet normal 0 0 1
    outer loop
      vertex 9.70113 5.18536 40
      vertex 7.05537 3.77117 40
      vertex 7.39104 3.06147 40
    endloop
  endfacet
  facet normal 0 0 1
    outer loop
      vertex 5.65685 5.65685 40
      vertex 7.77817 7.77817 40
      vertex 6.97833 8.50311 40
    endloop
  endfacet
  facet normal 0 0 1
    outer loop
      vertex 9.14616 6.11127 40
      vertex 6.65176 4.44456 40
      vertex 7.05537 3.77117 40
    endloop
  endfacet
  facet normal 0 0 1
    outer loop
      vertex 8.50311 6.97833 40
      vertex 6.18408 5.07515 40
      vertex 6.65176 4.44456 40
    endloop
  endfacet
  facet normal 0 0 1
    outer loop
      vertex 5.07515 6.18408 40
      vertex 6.97833 8.50311 40
      vertex 6.11127 9.14616 40
    endloop
  endfacet
  facet normal 0 0 1
    outer loop
      vertex 7.77817 7.77817 40
      vertex 5.65685 5.65685 40
      vertex 6.18408 5.07515 40
    endloop
  endfacet
  facet normal 0 0 1
    outer loop
      vertex 4.44456 6.65176 40
      vertex 6.11127 9.14616 40
      vertex 5.18536 9.70113 40
    endloop
  endfacet
  facet normal 0 0 1
    outer loop
      vertex 6.97833 8.50311 40
      vertex 5.07515 6.18408 40
      vertex 5.65685 5.65685 40
    endloop
  endfacet
  facet normal 0 0 1
    outer loop
      vertex 6.11127 9.14616 40
      vertex 4.44456 6.65176 40
      vertex 5.07515 6.18408 40
    endloop
  endfacet
  facet normal 0 0 1
    outer loop
      vertex 3.77117 7.05537 40
      vertex 5.18536 9.70113 40
      vertex 4.20952 10.1627 40
    endloop
  endfacet
  facet normal 0 0 1
    outer loop
      vertex 5.18536 9.70113 40
      vertex 3.77117 7.05537 40
      vertex 4.44456 6.65176 40
    endloop
  endfacet
  facet normal 0 0 1
    outer loop
      vertex 3.06147 7.39104 40
      vertex 4.20952 10.1627 40
      vertex 3.19313 10.5263 40
    endloop
  endfacet
  facet normal 0 0 1
    outer loop
      vertex 4.20952 10.1627 40
      vertex 3.06147 7.39104 40
      vertex 3.77117 7.05537 40
    endloop
  endfacet
  facet normal 0 0 1
    outer loop
      vertex 3.19313 10.5263 40
      vertex 2.32228 7.65552 40
      vertex 3.06147 7.39104 40
    endloop
  endfacet
  facet normal 0 0 1
    outer loop
      vertex 2.14599 10.7886 40
      vertex 2.32228 7.65552 40
      vertex 3.19313 10.5263 40
    endloop
  endfacet
  facet normal 0 0 1
    outer loop
      vertex 2.14599 10.7886 40
      vertex 1.56072 7.84628 40
      vertex 2.32228 7.65552 40
    endloop
  endfacet
  facet normal 0 0 1
    outer loop
      vertex 1.07819 10.947 40
      vertex 1.56072 7.84628 40
      vertex 2.14599 10.7886 40
    endloop
  endfacet
  facet normal 0 0 1
    outer loop
      vertex 1.07819 10.947 40
      vertex 0.784137 7.96148 40
      vertex 1.56072 7.84628 40
    endloop
  endfacet
  facet normal 0 0 1
    outer loop
      vertex 0 11 40
      vertex 0.784137 7.96148 40
      vertex 1.07819 10.947 40
    endloop
  endfacet
  facet normal 0 0 1
    outer loop
      vertex 0 11 40
      vertex 0 8 40
      vertex 0.784137 7.96148 40
    endloop
  endfacet
  facet normal 0 0 1
    outer loop
      vertex 0 11 40
      vertex -0.784137 7.96148 40
      vertex 0 8 40
    endloop
  endfacet
  facet normal -0 0 1
    outer loop
      vertex -1.07819 10.947 40
      vertex -0.784137 7.96148 40
      vertex 0 11 40
    endloop
  endfacet
  facet normal 0 0 1
    outer loop
      vertex -1.07819 10.947 40
      vertex -1.56072 7.84628 40
      vertex -0.784137 7.96148 40
    endloop
  endfacet
  facet normal -0 0 1
    outer loop
      vertex -2.14599 10.7886 40
      vertex -1.56072 7.84628 40
      vertex -1.07819 10.947 40
    endloop
  endfacet
  facet normal 0 0 1
    outer loop
      vertex -2.14599 10.7886 40
      vertex -2.32228 7.65552 40
      vertex -1.56072 7.84628 40
    endloop
  endfacet
  facet normal -0 0 1
    outer loop
      vertex -3.19313 10.5263 40
      vertex -2.32228 7.65552 40
      vertex -2.14599 10.7886 40
    endloop
  endfacet
  facet normal 0 0 1
    outer loop
      vertex -2.32228 7.65552 40
      vertex -3.19313 10.5263 40
      vertex -3.06147 7.39104 40
    endloop
  endfacet
  facet normal -0 0 1
    outer loop
      vertex -4.20952 10.1627 40
      vertex -3.06147 7.39104 40
      vertex -3.19313 10.5263 40
    endloop
  endfacet
  facet normal 0 0 1
    outer loop
      vertex -3.06147 7.39104 40
      vertex -4.20952 10.1627 40
      vertex -3.77117 7.05537 40
    endloop
  endfacet
  facet normal -0 0 1
    outer loop
      vertex -5.18536 9.70113 40
      vertex -3.77117 7.05537 40
      vertex -4.20952 10.1627 40
    endloop
  endfacet
  facet normal 0 0 1
    outer loop
      vertex -3.77117 7.05537 40
      vertex -5.18536 9.70113 40
      vertex -4.44456 6.65176 40
    endloop
  endfacet
  facet normal -0 0 1
    outer loop
      vertex -6.11127 9.14616 40
      vertex -4.44456 6.65176 40
      vertex -5.18536 9.70113 40
    endloop
  endfacet
  facet normal 0 0 1
    outer loop
      vertex -4.44456 6.65176 40
      vertex -6.11127 9.14616 40
      vertex -5.07515 6.18408 40
    endloop
  endfacet
  facet normal -0 0 1
    outer loop
      vertex -6.97833 8.50311 40
      vertex -5.07515 6.18408 40
      vertex -6.11127 9.14616 40
    endloop
  endfacet
  facet normal 0 0 1
    outer loop
      vertex -5.07515 6.18408 40
      vertex -6.97833 8.50311 40
      vertex -5.65685 5.65685 40
    endloop
  endfacet
  facet normal -0 0 1
    outer loop
      vertex -7.77817 7.77817 40
      vertex -5.65685 5.65685 40
      vertex -6.97833 8.50311 40
    endloop
  endfacet
  facet normal 0 0 1
    outer loop
      vertex -5.65685 5.65685 40
      vertex -7.77817 7.77817 40
      vertex -6.18408 5.07515 40
    endloop
  endfacet
  facet normal -0 0 1
    outer loop
      vertex -8.50311 6.97833 40
      vertex -6.18408 5.07515 40
      vertex -7.77817 7.77817 40
    endloop
  endfacet
  facet normal 0 0 1
    outer loop
      vertex -6.18408 5.07515 40
      vertex -8.50311 6.97833 40
      vertex -6.65176 4.44456 40
    endloop
  endfacet
  facet normal -0 0 1
    outer loop
      vertex -9.14616 6.11127 40
      vertex -6.65176 4.44456 40
      vertex -8.50311 6.97833 40
    endloop
  endfacet
  facet normal 0 0 1
    outer loop
      vertex -6.65176 4.44456 40
      vertex -9.14616 6.11127 40
      vertex -7.05537 3.77117 40
    endloop
  endfacet
  facet normal -0 0 1
    outer loop
      vertex -9.70113 5.18536 40
      vertex -7.05537 3.77117 40
      vertex -9.14616 6.11127 40
    endloop
  endfacet
  facet normal 0 0 1
    outer loop
      vertex -7.05537 3.77117 40
      vertex -9.70113 5.18536 40
      vertex -7.39104 3.06147 40
    endloop
  endfacet
  facet normal -0 0 1
    outer loop
      vertex -10.1627 4.20952 40
      vertex -7.39104 3.06147 40
      vertex -9.70113 5.18536 40
    endloop
  endfacet
  facet normal 0 0 1
    outer loop
      vertex -7.39104 3.06147 40
      vertex -10.1627 4.20952 40
      vertex -7.65552 2.32228 40
    endloop
  endfacet
  facet normal -0 0 1
    outer loop
      vertex 7.39104 -3.06147 40
      vertex 10.1627 -4.20952 40
      vertex 7.65552 -2.32228 40
    endloop
  endfacet
  facet normal 0 0 1
    outer loop
      vertex 10.1627 -4.20952 40
      vertex 7.39104 -3.06147 40
      vertex 9.70113 -5.18536 40
    endloop
  endfacet
  facet normal -0 0 1
    outer loop
      vertex 7.05537 -3.77117 40
      vertex 9.70113 -5.18536 40
      vertex 7.39104 -3.06147 40
    endloop
  endfacet
  facet normal 0 0 1
    outer loop
      vertex 9.70113 -5.18536 40
      vertex 7.05537 -3.77117 40
      vertex 9.14616 -6.11127 40
    endloop
  endfacet
  facet normal -0 0 1
    outer loop
      vertex 6.65176 -4.44456 40
      vertex 9.14616 -6.11127 40
      vertex 7.05537 -3.77117 40
    endloop
  endfacet
  facet normal 0 0 1
    outer loop
      vertex 9.14616 -6.11127 40
      vertex 6.65176 -4.44456 40
      vertex 8.50311 -6.97833 40
    endloop
  endfacet
  facet normal -0 0 1
    outer loop
      vertex 6.18408 -5.07515 40
      vertex 8.50311 -6.97833 40
      vertex 6.65176 -4.44456 40
    endloop
  endfacet
  facet normal 0 0 1
    outer loop
      vertex 8.50311 -6.97833 40
      vertex 6.18408 -5.07515 40
      vertex 7.77817 -7.77817 40
    endloop
  endfacet
  facet normal -0 0 1
    outer loop
      vertex 5.65685 -5.65685 40
      vertex 7.77817 -7.77817 40
      vertex 6.18408 -5.07515 40
    endloop
  endfacet
  facet normal 0 0 1
    outer loop
      vertex 7.77817 -7.77817 40
      vertex 5.65685 -5.65685 40
      vertex 6.97833 -8.50311 40
    endloop
  endfacet
  facet normal -0 0 1
    outer loop
      vertex 5.07515 -6.18408 40
      vertex 6.97833 -8.50311 40
      vertex 5.65685 -5.65685 40
    endloop
  endfacet
  facet normal 0 0 1
    outer loop
      vertex 6.97833 -8.50311 40
      vertex 5.07515 -6.18408 40
      vertex 6.11127 -9.14616 40
    endloop
  endfacet
  facet normal -0 0 1
    outer loop
      vertex 4.44456 -6.65176 40
      vertex 6.11127 -9.14616 40
      vertex 5.07515 -6.18408 40
    endloop
  endfacet
  facet normal 0 0 1
    outer loop
      vertex 6.11127 -9.14616 40
      vertex 4.44456 -6.65176 40
      vertex 5.18536 -9.70113 40
    endloop
  endfacet
  facet normal -0 0 1
    outer loop
      vertex 3.77117 -7.05537 40
      vertex 5.18536 -9.70113 40
      vertex 4.44456 -6.65176 40
    endloop
  endfacet
  facet normal 0 0 1
    outer loop
      vertex 5.18536 -9.70113 40
      vertex 3.77117 -7.05537 40
      vertex 4.20952 -10.1627 40
    endloop
  endfacet
  facet normal -0 0 1
    outer loop
      vertex 3.06147 -7.39104 40
      vertex 4.20952 -10.1627 40
      vertex 3.77117 -7.05537 40
    endloop
  endfacet
  facet normal 0 0 1
    outer loop
      vertex 4.20952 -10.1627 40
      vertex 3.06147 -7.39104 40
      vertex 3.19313 -10.5263 40
    endloop
  endfacet
  facet normal -0 0 1
    outer loop
      vertex 2.32228 -7.65552 40
      vertex 3.19313 -10.5263 40
      vertex 3.06147 -7.39104 40
    endloop
  endfacet
  facet normal 0 0 1
    outer loop
      vertex 2.32228 -7.65552 40
      vertex 2.14599 -10.7886 40
      vertex 3.19313 -10.5263 40
    endloop
  endfacet
  facet normal -0 0 1
    outer loop
      vertex 1.56072 -7.84628 40
      vertex 2.14599 -10.7886 40
      vertex 2.32228 -7.65552 40
    endloop
  endfacet
  facet normal 0 0 1
    outer loop
      vertex 1.56072 -7.84628 40
      vertex 1.07819 -10.947 40
      vertex 2.14599 -10.7886 40
    endloop
  endfacet
  facet normal -0 0 1
    outer loop
      vertex 0.784137 -7.96148 40
      vertex 1.07819 -10.947 40
      vertex 1.56072 -7.84628 40
    endloop
  endfacet
  facet normal -0 0 1
    outer loop
      vertex 0 -8 40
      vertex 1.07819 -10.947 40
      vertex 0.784137 -7.96148 40
    endloop
  endfacet
  facet normal 0 0 1
    outer loop
      vertex 0 -8 40
      vertex 0 -11 40
      vertex 1.07819 -10.947 40
    endloop
  endfacet
  facet normal 0 0 1
    outer loop
      vertex -0.784137 -7.96148 40
      vertex 0 -11 40
      vertex 0 -8 40
    endloop
  endfacet
  facet normal 0 0 1
    outer loop
      vertex -0.784137 -7.96148 40
      vertex -1.07819 -10.947 40
      vertex 0 -11 40
    endloop
  endfacet
  facet normal 0 0 1
    outer loop
      vertex -1.56072 -7.84628 40
      vertex -1.07819 -10.947 40
      vertex -0.784137 -7.96148 40
    endloop
  endfacet
  facet normal 0 0 1
    outer loop
      vertex -1.56072 -7.84628 40
      vertex -2.14599 -10.7886 40
      vertex -1.07819 -10.947 40
    endloop
  endfacet
  facet normal 0 0 1
    outer loop
      vertex -2.32228 -7.65552 40
      vertex -2.14599 -10.7886 40
      vertex -1.56072 -7.84628 40
    endloop
  endfacet
  facet normal 0 0 1
    outer loop
      vertex -3.19313 -10.5263 40
      vertex -2.32228 -7.65552 40
      vertex -3.06147 -7.39104 40
    endloop
  endfacet
  facet normal 0 0 1
    outer loop
      vertex -2.32228 -7.65552 40
      vertex -3.19313 -10.5263 40
      vertex -2.14599 -10.7886 40
    endloop
  endfacet
  facet normal 0 0 1
    outer loop
      vertex -4.20952 -10.1627 40
      vertex -3.06147 -7.39104 40
      vertex -3.77117 -7.05537 40
    endloop
  endfacet
  facet normal 0 0 1
    outer loop
      vertex -3.06147 -7.39104 40
      vertex -4.20952 -10.1627 40
      vertex -3.19313 -10.5263 40
    endloop
  endfacet
  facet normal 0 0 1
    outer loop
      vertex -5.18536 -9.70113 40
      vertex -3.77117 -7.05537 40
      vertex -4.44456 -6.65176 40
    endloop
  endfacet
  facet normal 0 0 1
    outer loop
      vertex -6.11127 -9.14616 40
      vertex -4.44456 -6.65176 40
      vertex -5.07515 -6.18408 40
    endloop
  endfacet
  facet normal 0 0 1
    outer loop
      vertex -3.77117 -7.05537 40
      vertex -5.18536 -9.70113 40
      vertex -4.20952 -10.1627 40
    endloop
  endfacet
  facet normal 0 0 1
    outer loop
      vertex -6.97833 -8.50311 40
      vertex -5.07515 -6.18408 40
      vertex -5.65685 -5.65685 40
    endloop
  endfacet
  facet normal 0 0 1
    outer loop
      vertex -4.44456 -6.65176 40
      vertex -6.11127 -9.14616 40
      vertex -5.18536 -9.70113 40
    endloop
  endfacet
  facet normal 0 0 1
    outer loop
      vertex -7.77817 -7.77817 40
      vertex -5.65685 -5.65685 40
      vertex -6.18408 -5.07515 40
    endloop
  endfacet
  facet normal 0 0 1
    outer loop
      vertex -8.50311 -6.97833 40
      vertex -6.18408 -5.07515 40
      vertex -6.65176 -4.44456 40
    endloop
  endfacet
  facet normal 0 0 1
    outer loop
      vertex -5.07515 -6.18408 40
      vertex -6.97833 -8.50311 40
      vertex -6.11127 -9.14616 40
    endloop
  endfacet
  facet normal 0 0 1
    outer loop
      vertex -9.14616 -6.11127 40
      vertex -6.65176 -4.44456 40
      vertex -7.05537 -3.77117 40
    endloop
  endfacet
  facet normal 0 0 1
    outer loop
      vertex -9.70113 -5.18536 40
      vertex -7.05537 -3.77117 40
      vertex -7.39104 -3.06147 40
    endloop
  endfacet
  facet normal 0 0 1
    outer loop
      vertex -10.1627 -4.20952 40
      vertex -7.39104 -3.06147 40
      vertex -7.65552 -2.32228 40
    endloop
  endfacet
  facet normal 0 0 1
    outer loop
      vertex -5.65685 -5.65685 40
      vertex -7.77817 -7.77817 40
      vertex -6.97833 -8.50311 40
    endloop
  endfacet
  facet normal 0 0 1
    outer loop
      vertex -10.5263 -3.19313 40
      vertex -7.65552 -2.32228 40
      vertex -7.84628 -1.56072 40
    endloop
  endfacet
  facet normal 0 0 1
    outer loop
      vertex -10.7886 -2.14599 40
      vertex -7.84628 -1.56072 40
      vertex -7.96148 -0.784137 40
    endloop
  endfacet
  facet normal 0 0 1
    outer loop
      vertex -10.947 -1.07819 40
      vertex -7.96148 -0.784137 40
      vertex -8 0 40
    endloop
  endfacet
  facet normal -0 0 1
    outer loop
      vertex -10.5263 3.19313 40
      vertex -7.65552 2.32228 40
      vertex -10.1627 4.20952 40
    endloop
  endfacet
  facet normal 0 0 1
    outer loop
      vertex -6.18408 -5.07515 40
      vertex -8.50311 -6.97833 40
      vertex -7.77817 -7.77817 40
    endloop
  endfacet
  facet normal 0 0 1
    outer loop
      vertex -7.65552 2.32228 40
      vertex -10.5263 3.19313 40
      vertex -7.84628 1.56072 40
    endloop
  endfacet
  facet normal 0 0 1
    outer loop
      vertex -6.65176 -4.44456 40
      vertex -9.14616 -6.11127 40
      vertex -8.50311 -6.97833 40
    endloop
  endfacet
  facet normal -0 0 1
    outer loop
      vertex -10.7886 2.14599 40
      vertex -7.84628 1.56072 40
      vertex -10.5263 3.19313 40
    endloop
  endfacet
  facet normal 0 0 1
    outer loop
      vertex -7.05537 -3.77117 40
      vertex -9.70113 -5.18536 40
      vertex -9.14616 -6.11127 40
    endloop
  endfacet
  facet normal 0 0 1
    outer loop
      vertex -7.84628 1.56072 40
      vertex -10.7886 2.14599 40
      vertex -7.96148 0.784137 40
    endloop
  endfacet
  facet normal 0 0 1
    outer loop
      vertex -7.39104 -3.06147 40
      vertex -10.1627 -4.20952 40
      vertex -9.70113 -5.18536 40
    endloop
  endfacet
  facet normal -0 0 1
    outer loop
      vertex -10.947 1.07819 40
      vertex -7.96148 0.784137 40
      vertex -10.7886 2.14599 40
    endloop
  endfacet
  facet normal 0 0 1
    outer loop
      vertex -7.65552 -2.32228 40
      vertex -10.5263 -3.19313 40
      vertex -10.1627 -4.20952 40
    endloop
  endfacet
  facet normal 0 0 1
    outer loop
      vertex -7.96148 0.784137 40
      vertex -10.947 1.07819 40
      vertex -8 0 40
    endloop
  endfacet
  facet normal 0 0 1
    outer loop
      vertex -7.84628 -1.56072 40
      vertex -10.7886 -2.14599 40
      vertex -10.5263 -3.19313 40
    endloop
  endfacet
  facet normal 0 0 1
    outer loop
      vertex -11 0 40
      vertex -8 0 40
      vertex -10.947 1.07819 40
    endloop
  endfacet
  facet normal 0 0 1
    outer loop
      vertex -7.96148 -0.784137 40
      vertex -10.947 -1.07819 40
      vertex -10.7886 -2.14599 40
    endloop
  endfacet
  facet normal 0 0 1
    outer loop
      vertex -8 0 40
      vertex -11 0 40
      vertex -10.947 -1.07819 40
    endloop
  endfacet
  facet normal 0.973654 -0.144433 0.176458
    outer loop
      vertex 17.9133 -1.76431 1
      vertex 10.947 -1.07819 40
      vertex 17.6541 -3.51163 1
    endloop
  endfacet
  facet normal -0.586348 -0.790606 0.17646
    outer loop
      vertex -6.97833 -8.50311 40
      vertex -10.0003 -14.9665 1
      vertex -6.11127 -9.14616 40
    endloop
  endfacet
  facet normal 0.729304 -0.661043 0.176458
    outer loop
      vertex 13.9142 -11.4191 1
      vertex 7.77817 -7.77817 40
      vertex 12.7279 -12.7279 1
    endloop
  endfacet
  facet normal -0.0483268 0.983121 0.176458
    outer loop
      vertex 0 18 1
      vertex -1.07819 10.947 40
      vertex 0 11 40
    endloop
  endfacet
  facet normal 0 0 -1
    outer loop
      vertex 17.9133 -1.76431 0
      vertex 17.9133 1.76431 0
      vertex 18 0 0
    endloop
  endfacet
  facet normal 0 0 -1
    outer loop
      vertex 17.6541 -3.51163 0
      vertex 17.9133 1.76431 0
      vertex 17.9133 -1.76431 0
    endloop
  endfacet
  facet normal 0 0 -1
    outer loop
      vertex 17.6541 -3.51163 0
      vertex 17.6541 3.51163 0
      vertex 17.9133 1.76431 0
    endloop
  endfacet
  facet normal 0 0 -1
    outer loop
      vertex 17.2249 -5.22512 0
      vertex 17.6541 3.51163 0
      vertex 17.6541 -3.51163 0
    endloop
  endfacet
  facet normal 0 0 -1
    outer loop
      vertex 17.2249 -5.22512 0
      vertex 17.2249 5.22512 0
      vertex 17.6541 3.51163 0
    endloop
  endfacet
  facet normal 0 0 -1
    outer loop
      vertex 16.6298 -6.8883 0
      vertex 17.2249 5.22512 0
      vertex 17.2249 -5.22512 0
    endloop
  endfacet
  facet normal 0 0 -1
    outer loop
      vertex 16.6298 -6.8883 0
      vertex 16.6298 6.8883 0
      vertex 17.2249 5.22512 0
    endloop
  endfacet
  facet normal 0 0 -1
    outer loop
      vertex 15.8746 -8.48514 0
      vertex 16.6298 6.8883 0
      vertex 16.6298 -6.8883 0
    endloop
  endfacet
  facet normal 0 0 -1
    outer loop
      vertex 15.8746 -8.48514 0
      vertex 15.8746 8.48514 0
      vertex 16.6298 6.8883 0
    endloop
  endfacet
  facet normal 0 0 -1
    outer loop
      vertex 14.9665 -10.0003 0
      vertex 15.8746 8.48514 0
      vertex 15.8746 -8.48514 0
    endloop
  endfacet
  facet normal 0 0 -1
    outer loop
      vertex 14.9665 -10.0003 0
      vertex 14.9665 10.0003 0
      vertex 15.8746 8.48514 0
    endloop
  endfacet
  facet normal 0 0 -1
    outer loop
      vertex 13.9142 -11.4191 0
      vertex 14.9665 10.0003 0
      vertex 14.9665 -10.0003 0
    endloop
  endfacet
  facet normal 0 0 -1
    outer loop
      vertex 13.9142 -11.4191 0
      vertex 13.9142 11.4191 0
      vertex 14.9665 10.0003 0
    endloop
  endfacet
  facet normal 0 0 -1
    outer loop
      vertex 12.7279 -12.7279 0
      vertex 13.9142 11.4191 0
      vertex 13.9142 -11.4191 0
    endloop
  endfacet
  facet normal 0 0 -1
    outer loop
      vertex 12.7279 -12.7279 0
      vertex 12.7279 12.7279 0
      vertex 13.9142 11.4191 0
    endloop
  endfacet
  facet normal 0 0 -1
    outer loop
      vertex 11.4191 -13.9142 0
      vertex 12.7279 12.7279 0
      vertex 12.7279 -12.7279 0
    endloop
  endfacet
  facet normal 0 0 -1
    outer loop
      vertex 11.4191 -13.9142 0
      vertex 11.4191 13.9142 0
      vertex 12.7279 12.7279 0
    endloop
  endfacet
  facet normal 0 0 -1
    outer loop
      vertex 10.0003 -14.9665 0
      vertex 11.4191 13.9142 0
      vertex 11.4191 -13.9142 0
    endloop
  endfacet
  facet normal 0 0 -1
    outer loop
      vertex 10.0003 -14.9665 0
      vertex 10.0003 14.9665 0
      vertex 11.4191 13.9142 0
    endloop
  endfacet
  facet normal 0 0 -1
    outer loop
      vertex 8.48514 -15.8746 0
      vertex 10.0003 14.9665 0
      vertex 10.0003 -14.9665 0
    endloop
  endfacet
  facet normal 0 0 -1
    outer loop
      vertex 8.48514 -15.8746 0
      vertex 8.48514 15.8746 0
      vertex 10.0003 14.9665 0
    endloop
  endfacet
  facet normal 0 0 -1
    outer loop
      vertex 6.8883 -16.6298 0
      vertex 8.48514 15.8746 0
      vertex 8.48514 -15.8746 0
    endloop
  endfacet
  facet normal 0 0 -1
    outer loop
      vertex 6.8883 -16.6298 0
      vertex 6.8883 16.6298 0
      vertex 8.48514 15.8746 0
    endloop
  endfacet
  facet normal 0 0 -1
    outer loop
      vertex 5.22512 -17.2249 0
      vertex 6.8883 16.6298 0
      vertex 6.8883 -16.6298 0
    endloop
  endfacet
  facet normal 0 0 -1
    outer loop
      vertex 5.22512 -17.2249 0
      vertex 5.22512 17.2249 0
      vertex 6.8883 16.6298 0
    endloop
  endfacet
  facet normal 0 0 -1
    outer loop
      vertex 3.51163 -17.6541 0
      vertex 5.22512 17.2249 0
      vertex 5.22512 -17.2249 0
    endloop
  endfacet
  facet normal 0 0 -1
    outer loop
      vertex 3.51163 -17.6541 0
      vertex 3.51163 17.6541 0
      vertex 5.22512 17.2249 0
    endloop
  endfacet
  facet normal 0 0 -1
    outer loop
      vertex 1.76431 -17.9133 0
      vertex 3.51163 17.6541 0
      vertex 3.51163 -17.6541 0
    endloop
  endfacet
  facet normal 0 0 -1
    outer loop
      vertex 1.76431 -17.9133 0
      vertex 1.76431 17.9133 0
      vertex 3.51163 17.6541 0
    endloop
  endfacet
  facet normal 0 0 -1
    outer loop
      vertex 0 -18 0
      vertex 1.76431 17.9133 0
      vertex 1.76431 -17.9133 0
    endloop
  endfacet
  facet normal 0 0 -1
    outer loop
      vertex 0 -18 0
      vertex 0 18 0
      vertex 1.76431 17.9133 0
    endloop
  endfacet
  facet normal 0 0 -1
    outer loop
      vertex -1.76431 -17.9133 0
      vertex 0 18 0
      vertex 0 -18 0
    endloop
  endfacet
  facet normal 0 0 -1
    outer loop
      vertex -1.76431 -17.9133 0
      vertex -1.76431 17.9133 0
      vertex 0 18 0
    endloop
  endfacet
  facet normal 0 0 -1
    outer loop
      vertex -3.51163 -17.6541 0
      vertex -1.76431 17.9133 0
      vertex -1.76431 -17.9133 0
    endloop
  endfacet
  facet normal 0 0 -1
    outer loop
      vertex -3.51163 -17.6541 0
      vertex -3.51163 17.6541 0
      vertex -1.76431 17.9133 0
    endloop
  endfacet
  facet normal 0 0 -1
    outer loop
      vertex -5.22512 -17.2249 0
      vertex -3.51163 17.6541 0
      vertex -3.51163 -17.6541 0
    endloop
  endfacet
  facet normal 0 0 -1
    outer loop
      vertex -5.22512 -17.2249 0
      vertex -5.22512 17.2249 0
      vertex -3.51163 17.6541 0
    endloop
  endfacet
  facet normal 0 0 -1
    outer loop
      vertex -6.8883 -16.6298 0
      vertex -5.22512 17.2249 0
      vertex -5.22512 -17.2249 0
    endloop
  endfacet
  facet normal 0 0 -1
    outer loop
      vertex -6.8883 -16.6298 0
      vertex -6.8883 16.6298 0
      vertex -5.22512 17.2249 0
    endloop
  endfacet
  facet normal 0 0 -1
    outer loop
      vertex -8.48514 -15.8746 0
      vertex -6.8883 16.6298 0
      vertex -6.8883 -16.6298 0
    endloop
  endfacet
  facet normal 0 0 -1
    outer loop
      vertex -8.48514 -15.8746 0
      vertex -8.48514 15.8746 0
      vertex -6.8883 16.6298 0
    endloop
  endfacet
  facet normal 0 0 -1
    outer loop
      vertex -10.0003 -14.9665 0
      vertex -8.48514 15.8746 0
      vertex -8.48514 -15.8746 0
    endloop
  endfacet
  facet normal 0 0 -1
    outer loop
      vertex -10.0003 -14.9665 0
      vertex -10.0003 14.9665 0
      vertex -8.48514 15.8746 0
    endloop
  endfacet
  facet normal 0 0 -1
    outer loop
      vertex -11.4191 -13.9142 0
      vertex -10.0003 14.9665 0
      vertex -10.0003 -14.9665 0
    endloop
  endfacet
  facet normal 0 0 -1
    outer loop
      vertex -11.4191 -13.9142 0
      vertex -11.4191 13.9142 0
      vertex -10.0003 14.9665 0
    endloop
  endfacet
  facet normal 0 0 -1
    outer loop
      vertex -12.7279 -12.7279 0
      vertex -11.4191 13.9142 0
      vertex -11.4191 -13.9142 0
    endloop
  endfacet
  facet normal 0 0 -1
    outer loop
      vertex -12.7279 -12.7279 0
      vertex -12.7279 12.7279 0
      vertex -11.4191 13.9142 0
    endloop
  endfacet
  facet normal 0 0 -1
    outer loop
      vertex -13.9142 -11.4191 0
      vertex -12.7279 12.7279 0
      vertex -12.7279 -12.7279 0
    endloop
  endfacet
  facet normal 0 0 -1
    outer loop
      vertex -13.9142 -11.4191 0
      vertex -13.9142 11.4191 0
      vertex -12.7279 12.7279 0
    endloop
  endfacet
  facet normal 0 0 -1
    outer loop
      vertex -14.9665 -10.0003 0
      vertex -13.9142 11.4191 0
      vertex -13.9142 -11.4191 0
    endloop
  endfacet
  facet normal 0 0 -1
    outer loop
      vertex -14.9665 -10.0003 0
      vertex -14.9665 10.0003 0
      vertex -13.9142 11.4191 0
    endloop
  endfacet
  facet normal 0 0 -1
    outer loop
      vertex -15.8746 -8.48514 0
      vertex -14.9665 10.0003 0
      vertex -14.9665 -10.0003 0
    endloop
  endfacet
  facet normal 0 0 -1
    outer loop
      vertex -15.8746 -8.48514 0
      vertex -15.8746 8.48514 0
      vertex -14.9665 10.0003 0
    endloop
  endfacet
  facet normal 0 0 -1
    outer loop
      vertex -16.6298 -6.8883 0
      vertex -15.8746 8.48514 0
      vertex -15.8746 -8.48514 0
    endloop
  endfacet
  facet normal 0 0 -1
    outer loop
      vertex -16.6298 -6.8883 0
      vertex -16.6298 6.8883 0
      vertex -15.8746 8.48514 0
    endloop
  endfacet
  facet normal 0 0 -1
    outer loop
      vertex -17.2249 -5.22512 0
      vertex -16.6298 6.8883 0
      vertex -16.6298 -6.8883 0
    endloop
  endfacet
  facet normal 0 0 -1
    outer loop
      vertex -17.2249 -5.22512 0
      vertex -17.2249 5.22512 0
      vertex -16.6298 6.8883 0
    endloop
  endfacet
  facet normal 0 0 -1
    outer loop
      vertex -17.6541 -3.51163 0
      vertex -17.2249 5.22512 0
      vertex -17.2249 -5.22512 0
    endloop
  endfacet
  facet normal 0 0 -1
    outer loop
      vertex -17.6541 -3.51163 0
      vertex -17.6541 3.51163 0
      vertex -17.2249 5.22512 0
    endloop
  endfacet
  facet normal 0 0 -1
    outer loop
      vertex -17.9133 -1.76431 0
      vertex -17.6541 3.51163 0
      vertex -17.6541 -3.51163 0
    endloop
  endfacet
  facet normal 0 0 -1
    outer loop
      vertex -17.9133 -1.76431 0
      vertex -17.9133 1.76431 0
      vertex -17.6541 3.51163 0
    endloop
  endfacet
  facet normal 0 -0 -1
    outer loop
      vertex -17.9133 1.76431 0
      vertex -17.9133 -1.76431 0
      vertex -18 0 0
    endloop
  endfacet
  facet normal 0.331606 -0.926769 0.176458
    outer loop
      vertex 6.8883 -16.6298 1
      vertex 3.19313 -10.5263 40
      vertex 5.22512 -17.2249 1
    endloop
  endfacet
  facet normal 0.144433 -0.973654 0.176458
    outer loop
      vertex 3.51163 -17.6541 1
      vertex 1.07819 -10.947 40
      vertex 1.76431 -17.9133 1
    endloop
  endfacet
  facet normal -0.989176 -0.146736 0
    outer loop
      vertex -17.6541 -3.51163 0
      vertex -17.9133 -1.76431 1
      vertex -17.9133 -1.76431 0
    endloop
  endfacet
  facet normal -0.989176 -0.146736 0
    outer loop
      vertex -17.9133 -1.76431 1
      vertex -17.6541 -3.51163 0
      vertex -17.6541 -3.51163 1
    endloop
  endfacet
  facet normal -0.514081 -0.857742 0
    outer loop
      vertex -10.0003 -14.9665 0
      vertex -8.48514 -15.8746 1
      vertex -10.0003 -14.9665 1
    endloop
  endfacet
  facet normal -0.514081 -0.857742 -0
    outer loop
      vertex -8.48514 -15.8746 1
      vertex -10.0003 -14.9665 0
      vertex -8.48514 -15.8746 0
    endloop
  endfacet
  facet normal -0.983122 0.0483116 0.176458
    outer loop
      vertex -17.9133 1.76431 1
      vertex -18 0 1
      vertex -10.947 1.07819 40
    endloop
  endfacet
  facet normal -0.973654 0.144433 0.176458
    outer loop
      vertex -17.6541 3.51163 1
      vertex -17.9133 1.76431 1
      vertex -10.947 1.07819 40
    endloop
  endfacet
  facet normal 0.331547 0.92679 0.176456
    outer loop
      vertex 6.8883 16.6298 1
      vertex 3.19313 10.5263 40
      vertex 4.20952 10.1627 40
    endloop
  endfacet
  facet normal -0.954811 -0.239164 0.176458
    outer loop
      vertex -10.5263 -3.19313 40
      vertex -17.6541 -3.51163 1
      vertex -17.2249 -5.22512 1
    endloop
  endfacet
  facet normal -0.740931 -0.671582 0
    outer loop
      vertex -12.7279 -12.7279 0
      vertex -13.9142 -11.4191 1
      vertex -13.9142 -11.4191 0
    endloop
  endfacet
  facet normal -0.740931 -0.671582 0
    outer loop
      vertex -13.9142 -11.4191 1
      vertex -12.7279 -12.7279 0
      vertex -12.7279 -12.7279 1
    endloop
  endfacet
  facet normal 0.889793 -0.42087 0.176456
    outer loop
      vertex 10.1627 -4.20952 40
      vertex 9.70113 -5.18536 40
      vertex 16.6298 -6.8883 1
    endloop
  endfacet
  facet normal -0.514081 0.857742 0
    outer loop
      vertex -8.48514 15.8746 0
      vertex -10.0003 14.9665 1
      vertex -8.48514 15.8746 1
    endloop
  endfacet
  facet normal -0.514081 0.857742 0
    outer loop
      vertex -10.0003 14.9665 1
      vertex -8.48514 15.8746 0
      vertex -10.0003 14.9665 0
    endloop
  endfacet
  facet normal -0.889793 -0.42087 0.176456
    outer loop
      vertex -10.1627 -4.20952 40
      vertex -16.6298 -6.8883 1
      vertex -9.70113 -5.18536 40
    endloop
  endfacet
  facet normal -0.239164 0.954811 0.176458
    outer loop
      vertex -3.51163 17.6541 1
      vertex -5.22512 17.2249 1
      vertex -3.19313 10.5263 40
    endloop
  endfacet
  facet normal 0.420824 -0.889815 0.176458
    outer loop
      vertex 8.48514 -15.8746 1
      vertex 5.18536 -9.70113 40
      vertex 6.8883 -16.6298 1
    endloop
  endfacet
  facet normal 0.506036 -0.844269 0.176459
    outer loop
      vertex 6.11127 -9.14616 40
      vertex 5.18536 -9.70113 40
      vertex 10.0003 -14.9665 1
    endloop
  endfacet
  facet normal -0.729304 -0.661043 0.176458
    outer loop
      vertex -7.77817 -7.77817 40
      vertex -13.9142 -11.4191 1
      vertex -12.7279 -12.7279 1
    endloop
  endfacet
  facet normal -0.661043 -0.729304 0.176458
    outer loop
      vertex -7.77817 -7.77817 40
      vertex -12.7279 -12.7279 1
      vertex -11.4191 -13.9142 1
    endloop
  endfacet
  facet normal -0.92679 -0.331547 0.176456
    outer loop
      vertex -10.5263 -3.19313 40
      vertex -16.6298 -6.8883 1
      vertex -10.1627 -4.20952 40
    endloop
  endfacet
  facet normal -0.803195 -0.595716 0
    outer loop
      vertex -13.9142 -11.4191 0
      vertex -14.9665 -10.0003 1
      vertex -14.9665 -10.0003 0
    endloop
  endfacet
  facet normal -0.803195 -0.595716 0
    outer loop
      vertex -14.9665 -10.0003 1
      vertex -13.9142 -11.4191 0
      vertex -13.9142 -11.4191 1
    endloop
  endfacet
  facet normal -0.954809 -0.239172 0.176458
    outer loop
      vertex -10.7886 -2.14599 40
      vertex -17.6541 -3.51163 1
      vertex -10.5263 -3.19313 40
    endloop
  endfacet
  facet normal 0.42087 -0.889793 0.176456
    outer loop
      vertex 5.18536 -9.70113 40
      vertex 4.20952 -10.1627 40
      vertex 6.8883 -16.6298 1
    endloop
  endfacet
  facet normal 0.331547 -0.92679 0.176456
    outer loop
      vertex 4.20952 -10.1627 40
      vertex 3.19313 -10.5263 40
      vertex 6.8883 -16.6298 1
    endloop
  endfacet
  facet normal 0.331606 0.926769 0.176458
    outer loop
      vertex 5.22512 17.2249 1
      vertex 3.19313 10.5263 40
      vertex 6.8883 16.6298 1
    endloop
  endfacet
  facet normal -0.242977 0.970032 0
    outer loop
      vertex -3.51163 17.6541 0
      vertex -5.22512 17.2249 1
      vertex -3.51163 17.6541 1
    endloop
  endfacet
  facet normal -0.242977 0.970032 0
    outer loop
      vertex -5.22512 17.2249 1
      vertex -3.51163 17.6541 0
      vertex -5.22512 17.2249 0
    endloop
  endfacet
  facet normal 0.506014 0.844282 0.176459
    outer loop
      vertex 8.48514 15.8746 1
      vertex 5.18536 9.70113 40
      vertex 10.0003 14.9665 1
    endloop
  endfacet
  facet normal 0.514081 0.857742 -0
    outer loop
      vertex 10.0003 14.9665 0
      vertex 8.48514 15.8746 1
      vertex 10.0003 14.9665 1
    endloop
  endfacet
  facet normal 0.514081 0.857742 0
    outer loop
      vertex 8.48514 15.8746 1
      vertex 10.0003 14.9665 0
      vertex 8.48514 15.8746 0
    endloop
  endfacet
  facet normal 0.586368 0.790591 0.176459
    outer loop
      vertex 10.0003 14.9665 1
      vertex 6.97833 8.50311 40
      vertex 11.4191 13.9142 1
    endloop
  endfacet
  facet normal 0.427532 0.904 -0
    outer loop
      vertex 8.48514 15.8746 0
      vertex 6.8883 16.6298 1
      vertex 8.48514 15.8746 1
    endloop
  endfacet
  facet normal 0.427532 0.904 0
    outer loop
      vertex 6.8883 16.6298 1
      vertex 8.48514 15.8746 0
      vertex 6.8883 16.6298 0
    endloop
  endfacet
  facet normal 0.330704 -0.924277 -0.190648
    outer loop
      vertex -4.35427 14.3541 4
      vertex -3.06147 7.39104 40
      vertex -5.74025 13.8582 4
    endloop
  endfacet
  facet normal -0.727356 -0.659247 -0.190648
    outer loop
      vertex 10.6066 10.6066 4
      vertex 6.18408 5.07515 40
      vertex 5.65685 5.65685 40
    endloop
  endfacet
  facet normal -0.144045 -0.971032 -0.190649
    outer loop
      vertex 2.92635 14.7118 4
      vertex 1.56072 7.84628 40
      vertex 1.47026 14.9278 4
    endloop
  endfacet
  facet normal -0.924277 -0.330704 -0.190648
    outer loop
      vertex 13.8582 5.74025 4
      vertex 14.3541 4.35427 4
      vertex 7.39104 3.06147 40
    endloop
  endfacet
  facet normal -0.924277 -0.330704 -0.190648
    outer loop
      vertex 14.3541 4.35427 4
      vertex 7.65552 2.32228 40
      vertex 7.39104 3.06147 40
    endloop
  endfacet
  facet normal -0.671577 -0.740935 0
    outer loop
      vertex 9.5159 11.5952 3
      vertex 10.6066 10.6066 4
      vertex 9.5159 11.5952 4
    endloop
  endfacet
  facet normal -0.671577 -0.740935 -0
    outer loop
      vertex 10.6066 10.6066 4
      vertex 9.5159 11.5952 3
      vertex 10.6066 10.6066 3
    endloop
  endfacet
  facet normal 0.980477 -0.0481482 -0.190648
    outer loop
      vertex -14.9278 1.47026 4
      vertex -8 0 40
      vertex -15 0 4
    endloop
  endfacet
  facet normal 0.0490479 -0.998796 0
    outer loop
      vertex -1.47026 14.9278 3
      vertex 0 15 4
      vertex -1.47026 14.9278 4
    endloop
  endfacet
  facet normal 0.0490479 -0.998796 0
    outer loop
      vertex 0 15 4
      vertex -1.47026 14.9278 3
      vertex 0 15 3
    endloop
  endfacet
  facet normal 0.427569 0.903983 -0
    outer loop
      vertex -5.74025 -13.8582 3
      vertex -7.07095 -13.2288 4
      vertex -5.74025 -13.8582 4
    endloop
  endfacet
  facet normal 0.427569 0.903983 0
    outer loop
      vertex -7.07095 -13.2288 4
      vertex -5.74025 -13.8582 3
      vertex -7.07095 -13.2288 3
    endloop
  endfacet
  facet normal 0.659247 -0.727356 -0.190648
    outer loop
      vertex -5.07515 6.18408 40
      vertex -5.65685 5.65685 40
      vertex -10.6066 10.6066 4
    endloop
  endfacet
  facet normal -0.144045 0.971032 -0.190649
    outer loop
      vertex 1.56072 -7.84628 40
      vertex 2.92635 -14.7118 4
      vertex 1.47026 -14.9278 4
    endloop
  endfacet
  facet normal 0.970027 0.242996 0
    outer loop
      vertex -14.3541 -4.35427 4
      vertex -14.7118 -2.92635 3
      vertex -14.7118 -2.92635 4
    endloop
  endfacet
  facet normal 0.970027 0.242996 0
    outer loop
      vertex -14.7118 -2.92635 3
      vertex -14.3541 -4.35427 4
      vertex -14.3541 -4.35427 3
    endloop
  endfacet
  facet normal 0.242996 0.970027 -0
    outer loop
      vertex -2.92635 -14.7118 3
      vertex -4.35427 -14.3541 4
      vertex -2.92635 -14.7118 4
    endloop
  endfacet
  facet normal 0.242996 0.970027 0
    outer loop
      vertex -4.35427 -14.3541 4
      vertex -2.92635 -14.7118 3
      vertex -4.35427 -14.3541 3
    endloop
  endfacet
  facet normal -0.584734 0.788504 -0.190649
    outer loop
      vertex 9.5159 -11.5952 4
      vertex 8.33355 -12.472 4
      vertex 5.07515 -6.18408 40
    endloop
  endfacet
  facet normal -0.788504 0.584734 -0.190649
    outer loop
      vertex 12.472 -8.33355 4
      vertex 11.5952 -9.5159 4
      vertex 6.18408 -5.07515 40
    endloop
  endfacet
  facet normal 0.903983 0.427569 0
    outer loop
      vertex -13.2288 -7.07095 4
      vertex -13.8582 -5.74025 3
      vertex -13.8582 -5.74025 4
    endloop
  endfacet
  facet normal 0.903983 0.427569 0
    outer loop
      vertex -13.8582 -5.74025 3
      vertex -13.2288 -7.07095 4
      vertex -13.2288 -7.07095 3
    endloop
  endfacet
  facet normal -0.146737 -0.989176 0
    outer loop
      vertex 1.47026 14.9278 3
      vertex 2.92635 14.7118 4
      vertex 1.47026 14.9278 4
    endloop
  endfacet
  facet normal -0.146737 -0.989176 -0
    outer loop
      vertex 2.92635 14.7118 4
      vertex 1.47026 14.9278 3
      vertex 2.92635 14.7118 3
    endloop
  endfacet
  facet normal 0.998796 0.0490479 0
    outer loop
      vertex -14.9278 -1.47026 4
      vertex -15 0 3
      vertex -15 0 4
    endloop
  endfacet
  facet normal 0.998796 0.0490479 0
    outer loop
      vertex -15 0 3
      vertex -14.9278 -1.47026 4
      vertex -14.9278 -1.47026 3
    endloop
  endfacet
  facet normal -0.989176 0.146737 0
    outer loop
      vertex 14.7118 -2.92635 3
      vertex 14.9278 -1.47026 4
      vertex 14.9278 -1.47026 3
    endloop
  endfacet
  facet normal -0.989176 0.146737 0
    outer loop
      vertex 14.9278 -1.47026 4
      vertex 14.7118 -2.92635 3
      vertex 14.7118 -2.92635 4
    endloop
  endfacet
  facet normal 0.144045 0.971032 -0.190649
    outer loop
      vertex -0.784137 -7.96148 40
      vertex -1.47026 -14.9278 4
      vertex -1.56072 -7.84628 40
    endloop
  endfacet
  facet normal 0.887402 -0.419727 -0.190648
    outer loop
      vertex -13.2288 7.07095 4
      vertex -7.39104 3.06147 40
      vertex -13.8582 5.74025 4
    endloop
  endfacet
  facet normal -0.146737 0.989176 0
    outer loop
      vertex 2.92635 -14.7118 3
      vertex 1.47026 -14.9278 4
      vertex 2.92635 -14.7118 4
    endloop
  endfacet
  facet normal -0.146737 0.989176 0
    outer loop
      vertex 1.47026 -14.9278 4
      vertex 2.92635 -14.7118 3
      vertex 1.47026 -14.9278 3
    endloop
  endfacet
  facet normal -0.95224 0.238523 -0.190648
    outer loop
      vertex 7.84628 -1.56072 40
      vertex 14.3541 -4.35427 4
      vertex 7.65552 -2.32228 40
    endloop
  endfacet
  facet normal -0.989176 -0.146737 0
    outer loop
      vertex 14.9278 1.47026 3
      vertex 14.7118 2.92635 4
      vertex 14.7118 2.92635 3
    endloop
  endfacet
  facet normal -0.989176 -0.146737 0
    outer loop
      vertex 14.7118 2.92635 4
      vertex 14.9278 1.47026 3
      vertex 14.9278 1.47026 4
    endloop
  endfacet
  facet normal 0.427569 -0.903983 0
    outer loop
      vertex -7.07095 13.2288 3
      vertex -5.74025 13.8582 4
      vertex -7.07095 13.2288 4
    endloop
  endfacet
  facet normal 0.427569 -0.903983 0
    outer loop
      vertex -5.74025 13.8582 4
      vertex -7.07095 13.2288 3
      vertex -5.74025 13.8582 3
    endloop
  endfacet
  facet normal -0.803237 -0.59566 0
    outer loop
      vertex 12.472 8.33355 3
      vertex 11.5952 9.5159 4
      vertex 11.5952 9.5159 3
    endloop
  endfacet
  facet normal -0.803237 -0.59566 0
    outer loop
      vertex 11.5952 9.5159 4
      vertex 12.472 8.33355 3
      vertex 12.472 8.33355 4
    endloop
  endfacet
  facet normal 0.952235 0.238539 -0.190649
    outer loop
      vertex -7.84628 -1.56072 40
      vertex -14.3541 -4.35427 4
      vertex -14.7118 -2.92635 4
    endloop
  endfacet
  facet normal -0.504686 0.841989 -0.190648
    outer loop
      vertex 8.33355 -12.472 4
      vertex 7.07095 -13.2288 4
      vertex 3.77117 -7.05537 40
    endloop
  endfacet
  facet normal 0.0481482 -0.980477 -0.190648
    outer loop
      vertex 0 15 4
      vertex 0 8 40
      vertex -1.47026 14.9278 4
    endloop
  endfacet
  facet normal 0.941547 -0.336883 0
    outer loop
      vertex -14.3541 4.35427 4
      vertex -13.8582 5.74025 3
      vertex -13.8582 5.74025 4
    endloop
  endfacet
  facet normal 0.941547 -0.336883 0
    outer loop
      vertex -13.8582 5.74025 3
      vertex -14.3541 4.35427 4
      vertex -14.3541 4.35427 3
    endloop
  endfacet
  facet normal 0.924277 -0.330704 -0.190648
    outer loop
      vertex -7.39104 3.06147 40
      vertex -7.65552 2.32228 40
      vertex -14.3541 4.35427 4
    endloop
  endfacet
  facet normal -0.659247 -0.727356 -0.190648
    outer loop
      vertex 10.6066 10.6066 4
      vertex 5.65685 5.65685 40
      vertex 5.07515 6.18408 40
    endloop
  endfacet
  facet normal 0.857721 0.514116 0
    outer loop
      vertex -12.472 -8.33355 4
      vertex -13.2288 -7.07095 3
      vertex -13.2288 -7.07095 4
    endloop
  endfacet
  facet normal 0.857721 0.514116 0
    outer loop
      vertex -13.2288 -7.07095 3
      vertex -12.472 -8.33355 4
      vertex -12.472 -8.33355 3
    endloop
  endfacet
  facet normal -0.924277 0.330704 -0.190648
    outer loop
      vertex 7.65552 -2.32228 40
      vertex 14.3541 -4.35427 4
      vertex 7.39104 -3.06147 40
    endloop
  endfacet
  facet normal 0.841989 0.504686 -0.190648
    outer loop
      vertex -7.05537 -3.77117 40
      vertex -12.472 -8.33355 4
      vertex -13.2288 -7.07095 4
    endloop
  endfacet
  facet normal -0.671577 0.740935 0
    outer loop
      vertex 10.6066 -10.6066 3
      vertex 9.5159 -11.5952 4
      vertex 10.6066 -10.6066 4
    endloop
  endfacet
  facet normal -0.671577 0.740935 0
    outer loop
      vertex 9.5159 -11.5952 4
      vertex 10.6066 -10.6066 3
      vertex 9.5159 -11.5952 3
    endloop
  endfacet
  facet normal -0.659259 -0.727345 -0.190649
    outer loop
      vertex 9.5159 11.5952 4
      vertex 10.6066 10.6066 4
      vertex 5.07515 6.18408 40
    endloop
  endfacet
  facet normal 0.659259 -0.727345 -0.190649
    outer loop
      vertex -9.5159 11.5952 4
      vertex -5.07515 6.18408 40
      vertex -10.6066 10.6066 4
    endloop
  endfacet
  facet normal 0.727356 -0.659247 -0.190648
    outer loop
      vertex -5.65685 5.65685 40
      vertex -6.18408 5.07515 40
      vertex -10.6066 10.6066 4
    endloop
  endfacet
  facet normal -0.903983 0.427569 0
    outer loop
      vertex 13.2288 -7.07095 3
      vertex 13.8582 -5.74025 4
      vertex 13.8582 -5.74025 3
    endloop
  endfacet
  facet normal -0.903983 0.427569 0
    outer loop
      vertex 13.8582 -5.74025 4
      vertex 13.2288 -7.07095 3
      vertex 13.2288 -7.07095 4
    endloop
  endfacet
  facet normal 0.788474 -0.584775 -0.190647
    outer loop
      vertex -6.18408 5.07515 40
      vertex -6.65176 4.44456 40
      vertex -12.472 8.33355 4
    endloop
  endfacet
  facet normal -0.419727 0.887402 -0.190648
    outer loop
      vertex 7.07095 -13.2288 4
      vertex 5.74025 -13.8582 4
      vertex 3.06147 -7.39104 40
    endloop
  endfacet
  facet normal 0.584775 0.788474 -0.190647
    outer loop
      vertex -5.07515 -6.18408 40
      vertex -4.44456 -6.65176 40
      vertex -8.33355 -12.472 4
    endloop
  endfacet
  facet normal -0.980477 -0.0481482 -0.190648
    outer loop
      vertex 14.9278 1.47026 4
      vertex 15 0 4
      vertex 8 0 40
    endloop
  endfacet
  facet normal -0.238523 0.95224 -0.190648
    outer loop
      vertex 2.32228 -7.65552 40
      vertex 4.35427 -14.3541 4
      vertex 1.56072 -7.84628 40
    endloop
  endfacet
  facet normal -0.924277 0.330704 -0.190648
    outer loop
      vertex 14.3541 -4.35427 4
      vertex 13.8582 -5.74025 4
      vertex 7.39104 -3.06147 40
    endloop
  endfacet
  facet normal -0.427569 0.903983 0
    outer loop
      vertex 7.07095 -13.2288 3
      vertex 5.74025 -13.8582 4
      vertex 7.07095 -13.2288 4
    endloop
  endfacet
  facet normal -0.427569 0.903983 0
    outer loop
      vertex 5.74025 -13.8582 4
      vertex 7.07095 -13.2288 3
      vertex 5.74025 -13.8582 3
    endloop
  endfacet
  facet normal -0.903983 -0.427569 0
    outer loop
      vertex 13.8582 5.74025 3
      vertex 13.2288 7.07095 4
      vertex 13.2288 7.07095 3
    endloop
  endfacet
  facet normal -0.903983 -0.427569 0
    outer loop
      vertex 13.2288 7.07095 4
      vertex 13.8582 5.74025 3
      vertex 13.8582 5.74025 4
    endloop
  endfacet
  facet normal 0.887402 0.419727 -0.190648
    outer loop
      vertex -7.39104 -3.06147 40
      vertex -13.2288 -7.07095 4
      vertex -13.8582 -5.74025 4
    endloop
  endfacet
  facet normal 0.841989 -0.504686 -0.190648
    outer loop
      vertex -12.472 8.33355 4
      vertex -7.05537 3.77117 40
      vertex -13.2288 7.07095 4
    endloop
  endfacet
  facet normal -0.971032 0.144045 -0.190649
    outer loop
      vertex 14.9278 -1.47026 4
      vertex 14.7118 -2.92635 4
      vertex 7.84628 -1.56072 40
    endloop
  endfacet
  facet normal 0.584775 -0.788474 -0.190647
    outer loop
      vertex -4.44456 6.65176 40
      vertex -5.07515 6.18408 40
      vertex -8.33355 12.472 4
    endloop
  endfacet
  facet normal -0.584775 0.788474 -0.190647
    outer loop
      vertex 5.07515 -6.18408 40
      vertex 8.33355 -12.472 4
      vertex 4.44456 -6.65176 40
    endloop
  endfacet
  facet normal 0.887405 -0.41972 -0.190648
    outer loop
      vertex -7.05537 3.77117 40
      vertex -7.39104 3.06147 40
      vertex -13.2288 7.07095 4
    endloop
  endfacet
  facet normal -0.238539 0.952235 -0.190649
    outer loop
      vertex 4.35427 -14.3541 4
      vertex 2.92635 -14.7118 4
      vertex 1.56072 -7.84628 40
    endloop
  endfacet
  facet normal 0.971032 0.144045 -0.190649
    outer loop
      vertex -7.84628 -1.56072 40
      vertex -14.7118 -2.92635 4
      vertex -14.9278 -1.47026 4
    endloop
  endfacet
  facet normal -0.970027 0.242996 0
    outer loop
      vertex 14.3541 -4.35427 3
      vertex 14.7118 -2.92635 4
      vertex 14.7118 -2.92635 3
    endloop
  endfacet
  facet normal -0.970027 0.242996 0
    outer loop
      vertex 14.7118 -2.92635 4
      vertex 14.3541 -4.35427 3
      vertex 14.3541 -4.35427 4
    endloop
  endfacet
  facet normal 0.952235 -0.238539 -0.190649
    outer loop
      vertex -14.3541 4.35427 4
      vertex -7.84628 1.56072 40
      vertex -14.7118 2.92635 4
    endloop
  endfacet
  facet normal 0.336883 0.941547 -0
    outer loop
      vertex -4.35427 -14.3541 3
      vertex -5.74025 -13.8582 4
      vertex -4.35427 -14.3541 4
    endloop
  endfacet
  facet normal 0.336883 0.941547 0
    outer loop
      vertex -5.74025 -13.8582 4
      vertex -4.35427 -14.3541 3
      vertex -5.74025 -13.8582 3
    endloop
  endfacet
  facet normal 0.659259 0.727345 -0.190649
    outer loop
      vertex -5.07515 -6.18408 40
      vertex -9.5159 -11.5952 4
      vertex -10.6066 -10.6066 4
    endloop
  endfacet
  facet normal -0.504669 0.841999 -0.190647
    outer loop
      vertex 4.44456 -6.65176 40
      vertex 8.33355 -12.472 4
      vertex 3.77117 -7.05537 40
    endloop
  endfacet
  facet normal 0.841999 -0.504669 -0.190647
    outer loop
      vertex -6.65176 4.44456 40
      vertex -7.05537 3.77117 40
      vertex -12.472 8.33355 4
    endloop
  endfacet
  facet normal -0.41972 -0.887405 -0.190648
    outer loop
      vertex 7.07095 13.2288 4
      vertex 3.77117 7.05537 40
      vertex 3.06147 7.39104 40
    endloop
  endfacet
  facet normal 0.242996 -0.970027 0
    outer loop
      vertex -4.35427 14.3541 3
      vertex -2.92635 14.7118 4
      vertex -4.35427 14.3541 4
    endloop
  endfacet
  facet normal 0.242996 -0.970027 0
    outer loop
      vertex -2.92635 14.7118 4
      vertex -4.35427 14.3541 3
      vertex -2.92635 14.7118 3
    endloop
  endfacet
  facet normal 0.336883 -0.941547 0
    outer loop
      vertex -5.74025 13.8582 3
      vertex -4.35427 14.3541 4
      vertex -5.74025 13.8582 4
    endloop
  endfacet
  facet normal 0.336883 -0.941547 0
    outer loop
      vertex -4.35427 14.3541 4
      vertex -5.74025 13.8582 3
      vertex -4.35427 14.3541 3
    endloop
  endfacet
  facet normal -0.998796 0.0490479 0
    outer loop
      vertex 14.9278 -1.47026 3
      vertex 15 0 4
      vertex 15 0 3
    endloop
  endfacet
  facet normal -0.998796 0.0490479 0
    outer loop
      vertex 15 0 4
      vertex 14.9278 -1.47026 3
      vertex 14.9278 -1.47026 4
    endloop
  endfacet
  facet normal -0.514116 -0.857721 0
    outer loop
      vertex 7.07095 13.2288 3
      vertex 8.33355 12.472 4
      vertex 7.07095 13.2288 4
    endloop
  endfacet
  facet normal -0.514116 -0.857721 -0
    outer loop
      vertex 8.33355 12.472 4
      vertex 7.07095 13.2288 3
      vertex 8.33355 12.472 3
    endloop
  endfacet
  facet normal -0.727356 0.659247 -0.190648
    outer loop
      vertex 6.18408 -5.07515 40
      vertex 10.6066 -10.6066 4
      vertex 5.65685 -5.65685 40
    endloop
  endfacet
  facet normal -0.336883 0.941547 0
    outer loop
      vertex 5.74025 -13.8582 3
      vertex 4.35427 -14.3541 4
      vertex 5.74025 -13.8582 4
    endloop
  endfacet
  facet normal -0.336883 0.941547 0
    outer loop
      vertex 4.35427 -14.3541 4
      vertex 5.74025 -13.8582 3
      vertex 4.35427 -14.3541 3
    endloop
  endfacet
  facet normal 0.238539 0.952235 -0.190649
    outer loop
      vertex -1.56072 -7.84628 40
      vertex -2.92635 -14.7118 4
      vertex -4.35427 -14.3541 4
    endloop
  endfacet
  facet normal 0.59566 -0.803237 0
    outer loop
      vertex -9.5159 11.5952 3
      vertex -8.33355 12.472 4
      vertex -9.5159 11.5952 4
    endloop
  endfacet
  facet normal 0.59566 -0.803237 0
    outer loop
      vertex -8.33355 12.472 4
      vertex -9.5159 11.5952 3
      vertex -8.33355 12.472 3
    endloop
  endfacet
  facet normal 0.989176 0.146737 0
    outer loop
      vertex -14.7118 -2.92635 4
      vertex -14.9278 -1.47026 3
      vertex -14.9278 -1.47026 4
    endloop
  endfacet
  facet normal 0.989176 0.146737 0
    outer loop
      vertex -14.9278 -1.47026 3
      vertex -14.7118 -2.92635 4
      vertex -14.7118 -2.92635 3
    endloop
  endfacet
  facet normal -0.048165 0.980476 -0.190649
    outer loop
      vertex 0.784137 -7.96148 40
      vertex 1.47026 -14.9278 4
      vertex 0 -8 40
    endloop
  endfacet
  facet normal 0.659247 0.727356 -0.190648
    outer loop
      vertex -5.65685 -5.65685 40
      vertex -5.07515 -6.18408 40
      vertex -10.6066 -10.6066 4
    endloop
  endfacet
  facet normal -0.59566 -0.803237 0
    outer loop
      vertex 8.33355 12.472 3
      vertex 9.5159 11.5952 4
      vertex 8.33355 12.472 4
    endloop
  endfacet
  facet normal -0.59566 -0.803237 -0
    outer loop
      vertex 9.5159 11.5952 4
      vertex 8.33355 12.472 3
      vertex 9.5159 11.5952 3
    endloop
  endfacet
  facet normal -0.740935 0.671577 0
    outer loop
      vertex 10.6066 -10.6066 3
      vertex 11.5952 -9.5159 4
      vertex 11.5952 -9.5159 3
    endloop
  endfacet
  facet normal -0.740935 0.671577 0
    outer loop
      vertex 11.5952 -9.5159 4
      vertex 10.6066 -10.6066 3
      vertex 10.6066 -10.6066 4
    endloop
  endfacet
  facet normal 0.0490479 0.998796 -0
    outer loop
      vertex 0 -15 3
      vertex -1.47026 -14.9278 4
      vertex 0 -15 4
    endloop
  endfacet
  facet normal 0.0490479 0.998796 0
    outer loop
      vertex -1.47026 -14.9278 4
      vertex 0 -15 3
      vertex -1.47026 -14.9278 3
    endloop
  endfacet
  facet normal -0.0490479 0.998796 0
    outer loop
      vertex 1.47026 -14.9278 3
      vertex 0 -15 4
      vertex 1.47026 -14.9278 4
    endloop
  endfacet
  facet normal -0.0490479 0.998796 0
    outer loop
      vertex 0 -15 4
      vertex 1.47026 -14.9278 3
      vertex 0 -15 3
    endloop
  endfacet
  facet normal -0.998796 -0.0490479 0
    outer loop
      vertex 15 0 3
      vertex 14.9278 1.47026 4
      vertex 14.9278 1.47026 3
    endloop
  endfacet
  facet normal -0.998796 -0.0490479 0
    outer loop
      vertex 14.9278 1.47026 4
      vertex 15 0 3
      vertex 15 0 4
    endloop
  endfacet
  facet normal -0.941547 -0.336883 0
    outer loop
      vertex 14.3541 4.35427 3
      vertex 13.8582 5.74025 4
      vertex 13.8582 5.74025 3
    endloop
  endfacet
  facet normal -0.941547 -0.336883 0
    outer loop
      vertex 13.8582 5.74025 4
      vertex 14.3541 4.35427 3
      vertex 14.3541 4.35427 4
    endloop
  endfacet
  facet normal -0.952235 -0.238539 -0.190649
    outer loop
      vertex 14.3541 4.35427 4
      vertex 14.7118 2.92635 4
      vertex 7.84628 1.56072 40
    endloop
  endfacet
  facet normal -0.887405 -0.41972 -0.190648
    outer loop
      vertex 13.2288 7.07095 4
      vertex 7.39104 3.06147 40
      vertex 7.05537 3.77117 40
    endloop
  endfacet
  facet normal -0.857721 -0.514116 0
    outer loop
      vertex 13.2288 7.07095 3
      vertex 12.472 8.33355 4
      vertex 12.472 8.33355 3
    endloop
  endfacet
  facet normal -0.857721 -0.514116 0
    outer loop
      vertex 12.472 8.33355 4
      vertex 13.2288 7.07095 3
      vertex 13.2288 7.07095 4
    endloop
  endfacet
  facet normal -0.788504 -0.584734 -0.190649
    outer loop
      vertex 11.5952 9.5159 4
      vertex 12.472 8.33355 4
      vertex 6.18408 5.07515 40
    endloop
  endfacet
  facet normal 0.841999 0.504669 -0.190647
    outer loop
      vertex -7.05537 -3.77117 40
      vertex -6.65176 -4.44456 40
      vertex -12.472 -8.33355 4
    endloop
  endfacet
  facet normal 0.903983 -0.427569 0
    outer loop
      vertex -13.8582 5.74025 4
      vertex -13.2288 7.07095 3
      vertex -13.2288 7.07095 4
    endloop
  endfacet
  facet normal 0.903983 -0.427569 0
    outer loop
      vertex -13.2288 7.07095 3
      vertex -13.8582 5.74025 4
      vertex -13.8582 5.74025 3
    endloop
  endfacet
  facet normal 0.41972 0.887405 -0.190648
    outer loop
      vertex -3.77117 -7.05537 40
      vertex -3.06147 -7.39104 40
      vertex -7.07095 -13.2288 4
    endloop
  endfacet
  facet normal 0.971032 0.144045 -0.190649
    outer loop
      vertex -7.96148 -0.784137 40
      vertex -7.84628 -1.56072 40
      vertex -14.9278 -1.47026 4
    endloop
  endfacet
  facet normal 0.924277 0.330704 -0.190648
    outer loop
      vertex -7.65552 -2.32228 40
      vertex -7.39104 -3.06147 40
      vertex -14.3541 -4.35427 4
    endloop
  endfacet
  facet normal 0.980476 0.048165 -0.190649
    outer loop
      vertex -8 0 40
      vertex -7.96148 -0.784137 40
      vertex -14.9278 -1.47026 4
    endloop
  endfacet
  facet normal 0.980477 0.0481482 -0.190648
    outer loop
      vertex -8 0 40
      vertex -14.9278 -1.47026 4
      vertex -15 0 4
    endloop
  endfacet
  facet normal -0.941547 0.336883 0
    outer loop
      vertex 13.8582 -5.74025 3
      vertex 14.3541 -4.35427 4
      vertex 14.3541 -4.35427 3
    endloop
  endfacet
  facet normal -0.941547 0.336883 0
    outer loop
      vertex 14.3541 -4.35427 4
      vertex 13.8582 -5.74025 3
      vertex 13.8582 -5.74025 4
    endloop
  endfacet
  facet normal 0.980476 -0.048165 -0.190649
    outer loop
      vertex -7.96148 0.784137 40
      vertex -8 0 40
      vertex -14.9278 1.47026 4
    endloop
  endfacet
  facet normal 0.740935 0.671577 0
    outer loop
      vertex -10.6066 -10.6066 4
      vertex -11.5952 -9.5159 3
      vertex -11.5952 -9.5159 4
    endloop
  endfacet
  facet normal 0.740935 0.671577 0
    outer loop
      vertex -11.5952 -9.5159 3
      vertex -10.6066 -10.6066 4
      vertex -10.6066 -10.6066 3
    endloop
  endfacet
  facet normal 0.95224 -0.238523 -0.190648
    outer loop
      vertex -7.65552 2.32228 40
      vertex -7.84628 1.56072 40
      vertex -14.3541 4.35427 4
    endloop
  endfacet
  facet normal 0.514116 -0.857721 0
    outer loop
      vertex -8.33355 12.472 3
      vertex -7.07095 13.2288 4
      vertex -8.33355 12.472 4
    endloop
  endfacet
  facet normal 0.514116 -0.857721 0
    outer loop
      vertex -7.07095 13.2288 4
      vertex -8.33355 12.472 3
      vertex -7.07095 13.2288 3
    endloop
  endfacet
  facet normal -0.841999 0.504669 -0.190647
    outer loop
      vertex 7.05537 -3.77117 40
      vertex 12.472 -8.33355 4
      vertex 6.65176 -4.44456 40
    endloop
  endfacet
  facet normal -0.659259 0.727345 -0.190649
    outer loop
      vertex 10.6066 -10.6066 4
      vertex 9.5159 -11.5952 4
      vertex 5.07515 -6.18408 40
    endloop
  endfacet
  facet normal 0.924277 -0.330704 -0.190648
    outer loop
      vertex -13.8582 5.74025 4
      vertex -7.39104 3.06147 40
      vertex -14.3541 4.35427 4
    endloop
  endfacet
  facet normal 0.788504 0.584734 -0.190649
    outer loop
      vertex -6.18408 -5.07515 40
      vertex -11.5952 -9.5159 4
      vertex -12.472 -8.33355 4
    endloop
  endfacet
  facet normal -0.0481482 0.980477 -0.190648
    outer loop
      vertex 0 -8 40
      vertex 1.47026 -14.9278 4
      vertex 0 -15 4
    endloop
  endfacet
  facet normal 0.0481482 0.980477 -0.190648
    outer loop
      vertex 0 -8 40
      vertex 0 -15 4
      vertex -1.47026 -14.9278 4
    endloop
  endfacet
  facet normal -0.887405 0.41972 -0.190648
    outer loop
      vertex 7.39104 -3.06147 40
      vertex 13.2288 -7.07095 4
      vertex 7.05537 -3.77117 40
    endloop
  endfacet
  facet normal -0.727345 -0.659259 -0.190649
    outer loop
      vertex 10.6066 10.6066 4
      vertex 11.5952 9.5159 4
      vertex 6.18408 5.07515 40
    endloop
  endfacet
  facet normal -0.788474 0.584775 -0.190647
    outer loop
      vertex 6.65176 -4.44456 40
      vertex 12.472 -8.33355 4
      vertex 6.18408 -5.07515 40
    endloop
  endfacet
  facet normal -0.41972 0.887405 -0.190648
    outer loop
      vertex 3.77117 -7.05537 40
      vertex 7.07095 -13.2288 4
      vertex 3.06147 -7.39104 40
    endloop
  endfacet
  facet normal 0.803237 -0.59566 0
    outer loop
      vertex -12.472 8.33355 4
      vertex -11.5952 9.5159 3
      vertex -11.5952 9.5159 4
    endloop
  endfacet
  facet normal 0.803237 -0.59566 0
    outer loop
      vertex -11.5952 9.5159 3
      vertex -12.472 8.33355 4
      vertex -12.472 8.33355 3
    endloop
  endfacet
  facet normal 0.59566 0.803237 -0
    outer loop
      vertex -8.33355 -12.472 3
      vertex -9.5159 -11.5952 4
      vertex -8.33355 -12.472 4
    endloop
  endfacet
  facet normal 0.59566 0.803237 0
    outer loop
      vertex -9.5159 -11.5952 4
      vertex -8.33355 -12.472 3
      vertex -9.5159 -11.5952 3
    endloop
  endfacet
  facet normal 0.584734 0.788504 -0.190649
    outer loop
      vertex -5.07515 -6.18408 40
      vertex -8.33355 -12.472 4
      vertex -9.5159 -11.5952 4
    endloop
  endfacet
  facet normal 0.788474 0.584775 -0.190647
    outer loop
      vertex -6.65176 -4.44456 40
      vertex -6.18408 -5.07515 40
      vertex -12.472 -8.33355 4
    endloop
  endfacet
  facet normal 0.924277 0.330704 -0.190648
    outer loop
      vertex -7.39104 -3.06147 40
      vertex -13.8582 -5.74025 4
      vertex -14.3541 -4.35427 4
    endloop
  endfacet
  facet normal -0.330704 -0.924277 -0.190648
    outer loop
      vertex 4.35427 14.3541 4
      vertex 3.06147 7.39104 40
      vertex 2.32228 7.65552 40
    endloop
  endfacet
  facet normal -0.659247 0.727356 -0.190648
    outer loop
      vertex 5.65685 -5.65685 40
      vertex 10.6066 -10.6066 4
      vertex 5.07515 -6.18408 40
    endloop
  endfacet
  facet normal 0.788504 -0.584734 -0.190649
    outer loop
      vertex -11.5952 9.5159 4
      vertex -6.18408 5.07515 40
      vertex -12.472 8.33355 4
    endloop
  endfacet
  facet normal 0.727345 -0.659259 -0.190649
    outer loop
      vertex -10.6066 10.6066 4
      vertex -6.18408 5.07515 40
      vertex -11.5952 9.5159 4
    endloop
  endfacet
  facet normal -0.584734 -0.788504 -0.190649
    outer loop
      vertex 8.33355 12.472 4
      vertex 9.5159 11.5952 4
      vertex 5.07515 6.18408 40
    endloop
  endfacet
  facet normal -0.144045 0.971032 -0.190649
    outer loop
      vertex 1.56072 -7.84628 40
      vertex 1.47026 -14.9278 4
      vertex 0.784137 -7.96148 40
    endloop
  endfacet
  facet normal 0.144045 -0.971032 -0.190649
    outer loop
      vertex -1.47026 14.9278 4
      vertex -0.784137 7.96148 40
      vertex -1.56072 7.84628 40
    endloop
  endfacet
  facet normal 0.048165 -0.980476 -0.190649
    outer loop
      vertex 0 8 40
      vertex -0.784137 7.96148 40
      vertex -1.47026 14.9278 4
    endloop
  endfacet
  facet normal 0.740935 -0.671577 0
    outer loop
      vertex -11.5952 9.5159 4
      vertex -10.6066 10.6066 3
      vertex -10.6066 10.6066 4
    endloop
  endfacet
  facet normal 0.740935 -0.671577 0
    outer loop
      vertex -10.6066 10.6066 3
      vertex -11.5952 9.5159 4
      vertex -11.5952 9.5159 3
    endloop
  endfacet
  facet normal -0.584775 -0.788474 -0.190647
    outer loop
      vertex 8.33355 12.472 4
      vertex 5.07515 6.18408 40
      vertex 4.44456 6.65176 40
    endloop
  endfacet
  facet normal -0.504686 -0.841989 -0.190648
    outer loop
      vertex 7.07095 13.2288 4
      vertex 8.33355 12.472 4
      vertex 3.77117 7.05537 40
    endloop
  endfacet
  facet normal -0.980476 0.048165 -0.190649
    outer loop
      vertex 8 0 40
      vertex 14.9278 -1.47026 4
      vertex 7.96148 -0.784137 40
    endloop
  endfacet
  facet normal -0.788474 -0.584775 -0.190647
    outer loop
      vertex 12.472 8.33355 4
      vertex 6.65176 4.44456 40
      vertex 6.18408 5.07515 40
    endloop
  endfacet
  facet normal -0.971032 -0.144045 -0.190649
    outer loop
      vertex 14.7118 2.92635 4
      vertex 14.9278 1.47026 4
      vertex 7.84628 1.56072 40
    endloop
  endfacet
  facet normal -0.95224 -0.238523 -0.190648
    outer loop
      vertex 14.3541 4.35427 4
      vertex 7.84628 1.56072 40
      vertex 7.65552 2.32228 40
    endloop
  endfacet
  facet normal -0.980477 0.0481482 -0.190648
    outer loop
      vertex 15 0 4
      vertex 14.9278 -1.47026 4
      vertex 8 0 40
    endloop
  endfacet
  facet normal -0.970027 -0.242996 0
    outer loop
      vertex 14.7118 2.92635 3
      vertex 14.3541 4.35427 4
      vertex 14.3541 4.35427 3
    endloop
  endfacet
  facet normal -0.970027 -0.242996 0
    outer loop
      vertex 14.3541 4.35427 4
      vertex 14.7118 2.92635 3
      vertex 14.7118 2.92635 4
    endloop
  endfacet
  facet normal 0.504669 -0.841999 -0.190647
    outer loop
      vertex -3.77117 7.05537 40
      vertex -4.44456 6.65176 40
      vertex -8.33355 12.472 4
    endloop
  endfacet
  facet normal -0.887402 -0.419727 -0.190648
    outer loop
      vertex 13.2288 7.07095 4
      vertex 13.8582 5.74025 4
      vertex 7.39104 3.06147 40
    endloop
  endfacet
  facet normal 0.584734 -0.788504 -0.190649
    outer loop
      vertex -8.33355 12.472 4
      vertex -5.07515 6.18408 40
      vertex -9.5159 11.5952 4
    endloop
  endfacet
  facet normal -0.514116 0.857721 0
    outer loop
      vertex 8.33355 -12.472 3
      vertex 7.07095 -13.2288 4
      vertex 8.33355 -12.472 4
    endloop
  endfacet
  facet normal -0.514116 0.857721 0
    outer loop
      vertex 7.07095 -13.2288 4
      vertex 8.33355 -12.472 3
      vertex 7.07095 -13.2288 3
    endloop
  endfacet
  facet normal 0.989176 -0.146737 0
    outer loop
      vertex -14.9278 1.47026 4
      vertex -14.7118 2.92635 3
      vertex -14.7118 2.92635 4
    endloop
  endfacet
  facet normal 0.989176 -0.146737 0
    outer loop
      vertex -14.7118 2.92635 3
      vertex -14.9278 1.47026 4
      vertex -14.9278 1.47026 3
    endloop
  endfacet
  facet normal 0.971032 -0.144045 -0.190649
    outer loop
      vertex -14.7118 2.92635 4
      vertex -7.84628 1.56072 40
      vertex -14.9278 1.47026 4
    endloop
  endfacet
  facet normal 0.330704 -0.924277 -0.190648
    outer loop
      vertex -2.32228 7.65552 40
      vertex -3.06147 7.39104 40
      vertex -4.35427 14.3541 4
    endloop
  endfacet
  facet normal 0.144045 0.971032 -0.190649
    outer loop
      vertex -1.56072 -7.84628 40
      vertex -1.47026 -14.9278 4
      vertex -2.92635 -14.7118 4
    endloop
  endfacet
  facet normal -0.048165 -0.980476 -0.190649
    outer loop
      vertex 1.47026 14.9278 4
      vertex 0.784137 7.96148 40
      vertex 0 8 40
    endloop
  endfacet
  facet normal -0.727345 0.659259 -0.190649
    outer loop
      vertex 11.5952 -9.5159 4
      vertex 10.6066 -10.6066 4
      vertex 6.18408 -5.07515 40
    endloop
  endfacet
  facet normal -0.803237 0.59566 0
    outer loop
      vertex 11.5952 -9.5159 3
      vertex 12.472 -8.33355 4
      vertex 12.472 -8.33355 3
    endloop
  endfacet
  facet normal -0.803237 0.59566 0
    outer loop
      vertex 12.472 -8.33355 4
      vertex 11.5952 -9.5159 3
      vertex 11.5952 -9.5159 4
    endloop
  endfacet
  facet normal 0.971032 -0.144045 -0.190649
    outer loop
      vertex -7.84628 1.56072 40
      vertex -7.96148 0.784137 40
      vertex -14.9278 1.47026 4
    endloop
  endfacet
  facet normal 0.504686 -0.841989 -0.190648
    outer loop
      vertex -7.07095 13.2288 4
      vertex -3.77117 7.05537 40
      vertex -8.33355 12.472 4
    endloop
  endfacet
  facet normal -0.427569 -0.903983 0
    outer loop
      vertex 5.74025 13.8582 3
      vertex 7.07095 13.2288 4
      vertex 5.74025 13.8582 4
    endloop
  endfacet
  facet normal -0.427569 -0.903983 -0
    outer loop
      vertex 7.07095 13.2288 4
      vertex 5.74025 13.8582 3
      vertex 7.07095 13.2288 3
    endloop
  endfacet
  facet normal 0.970027 -0.242996 0
    outer loop
      vertex -14.7118 2.92635 4
      vertex -14.3541 4.35427 3
      vertex -14.3541 4.35427 4
    endloop
  endfacet
  facet normal 0.970027 -0.242996 0
    outer loop
      vertex -14.3541 4.35427 3
      vertex -14.7118 2.92635 4
      vertex -14.7118 2.92635 3
    endloop
  endfacet
  facet normal 0.419727 -0.887402 -0.190648
    outer loop
      vertex -5.74025 13.8582 4
      vertex -3.06147 7.39104 40
      vertex -7.07095 13.2288 4
    endloop
  endfacet
  facet normal 0.504686 0.841989 -0.190648
    outer loop
      vertex -3.77117 -7.05537 40
      vertex -7.07095 -13.2288 4
      vertex -8.33355 -12.472 4
    endloop
  endfacet
  facet normal -0.980476 -0.048165 -0.190649
    outer loop
      vertex 14.9278 1.47026 4
      vertex 8 0 40
      vertex 7.96148 0.784137 40
    endloop
  endfacet
  facet normal 0.238523 0.95224 -0.190648
    outer loop
      vertex -2.32228 -7.65552 40
      vertex -1.56072 -7.84628 40
      vertex -4.35427 -14.3541 4
    endloop
  endfacet
  facet normal 0.95224 0.238523 -0.190648
    outer loop
      vertex -7.84628 -1.56072 40
      vertex -7.65552 -2.32228 40
      vertex -14.3541 -4.35427 4
    endloop
  endfacet
  facet normal -0.330704 0.924277 -0.190648
    outer loop
      vertex 3.06147 -7.39104 40
      vertex 4.35427 -14.3541 4
      vertex 2.32228 -7.65552 40
    endloop
  endfacet
  facet normal -0.242996 0.970027 0
    outer loop
      vertex 4.35427 -14.3541 3
      vertex 2.92635 -14.7118 4
      vertex 4.35427 -14.3541 4
    endloop
  endfacet
  facet normal -0.242996 0.970027 0
    outer loop
      vertex 2.92635 -14.7118 4
      vertex 4.35427 -14.3541 3
      vertex 2.92635 -14.7118 3
    endloop
  endfacet
  facet normal -0.242996 -0.970027 0
    outer loop
      vertex 2.92635 14.7118 3
      vertex 4.35427 14.3541 4
      vertex 2.92635 14.7118 4
    endloop
  endfacet
  facet normal -0.242996 -0.970027 -0
    outer loop
      vertex 4.35427 14.3541 4
      vertex 2.92635 14.7118 3
      vertex 4.35427 14.3541 3
    endloop
  endfacet
  facet normal -0.952235 0.238539 -0.190649
    outer loop
      vertex 14.7118 -2.92635 4
      vertex 14.3541 -4.35427 4
      vertex 7.84628 -1.56072 40
    endloop
  endfacet
  facet normal -0.971032 0.144045 -0.190649
    outer loop
      vertex 7.96148 -0.784137 40
      vertex 14.9278 -1.47026 4
      vertex 7.84628 -1.56072 40
    endloop
  endfacet
  facet normal -0.0490479 -0.998796 0
    outer loop
      vertex 0 15 3
      vertex 1.47026 14.9278 4
      vertex 0 15 4
    endloop
  endfacet
  facet normal -0.0490479 -0.998796 -0
    outer loop
      vertex 1.47026 14.9278 4
      vertex 0 15 3
      vertex 1.47026 14.9278 3
    endloop
  endfacet
  facet normal 0.887405 0.41972 -0.190648
    outer loop
      vertex -7.39104 -3.06147 40
      vertex -7.05537 -3.77117 40
      vertex -13.2288 -7.07095 4
    endloop
  endfacet
  facet normal 0.504669 0.841999 -0.190647
    outer loop
      vertex -4.44456 -6.65176 40
      vertex -3.77117 -7.05537 40
      vertex -8.33355 -12.472 4
    endloop
  endfacet
  facet normal 0.330704 0.924277 -0.190648
    outer loop
      vertex -3.06147 -7.39104 40
      vertex -2.32228 -7.65552 40
      vertex -4.35427 -14.3541 4
    endloop
  endfacet
  facet normal 0.514116 0.857721 -0
    outer loop
      vertex -7.07095 -13.2288 3
      vertex -8.33355 -12.472 4
      vertex -7.07095 -13.2288 4
    endloop
  endfacet
  facet normal 0.514116 0.857721 0
    outer loop
      vertex -8.33355 -12.472 4
      vertex -7.07095 -13.2288 3
      vertex -8.33355 -12.472 3
    endloop
  endfacet
  facet normal 0.727345 0.659259 -0.190649
    outer loop
      vertex -6.18408 -5.07515 40
      vertex -10.6066 -10.6066 4
      vertex -11.5952 -9.5159 4
    endloop
  endfacet
  facet normal 0.048165 0.980476 -0.190649
    outer loop
      vertex -0.784137 -7.96148 40
      vertex 0 -8 40
      vertex -1.47026 -14.9278 4
    endloop
  endfacet
  facet normal -0.0481482 -0.980477 -0.190648
    outer loop
      vertex 0 15 4
      vertex 1.47026 14.9278 4
      vertex 0 8 40
    endloop
  endfacet
  facet normal 0.803237 0.59566 0
    outer loop
      vertex -11.5952 -9.5159 4
      vertex -12.472 -8.33355 3
      vertex -12.472 -8.33355 4
    endloop
  endfacet
  facet normal 0.803237 0.59566 0
    outer loop
      vertex -12.472 -8.33355 3
      vertex -11.5952 -9.5159 4
      vertex -11.5952 -9.5159 3
    endloop
  endfacet
  facet normal 0.941547 0.336883 0
    outer loop
      vertex -13.8582 -5.74025 4
      vertex -14.3541 -4.35427 3
      vertex -14.3541 -4.35427 4
    endloop
  endfacet
  facet normal 0.941547 0.336883 0
    outer loop
      vertex -14.3541 -4.35427 3
      vertex -13.8582 -5.74025 4
      vertex -13.8582 -5.74025 3
    endloop
  endfacet
  facet normal -0.504669 -0.841999 -0.190647
    outer loop
      vertex 8.33355 12.472 4
      vertex 4.44456 6.65176 40
      vertex 3.77117 7.05537 40
    endloop
  endfacet
  facet normal -0.841989 0.504686 -0.190648
    outer loop
      vertex 13.2288 -7.07095 4
      vertex 12.472 -8.33355 4
      vertex 7.05537 -3.77117 40
    endloop
  endfacet
  facet normal -0.144045 -0.971032 -0.190649
    outer loop
      vertex 1.47026 14.9278 4
      vertex 1.56072 7.84628 40
      vertex 0.784137 7.96148 40
    endloop
  endfacet
  facet normal 0.41972 -0.887405 -0.190648
    outer loop
      vertex -3.06147 7.39104 40
      vertex -3.77117 7.05537 40
      vertex -7.07095 13.2288 4
    endloop
  endfacet
  facet normal 0.857721 -0.514116 0
    outer loop
      vertex -13.2288 7.07095 4
      vertex -12.472 8.33355 3
      vertex -12.472 8.33355 4
    endloop
  endfacet
  facet normal 0.857721 -0.514116 0
    outer loop
      vertex -12.472 8.33355 3
      vertex -13.2288 7.07095 4
      vertex -13.2288 7.07095 3
    endloop
  endfacet
  facet normal -0.857721 0.514116 0
    outer loop
      vertex 12.472 -8.33355 3
      vertex 13.2288 -7.07095 4
      vertex 13.2288 -7.07095 3
    endloop
  endfacet
  facet normal -0.857721 0.514116 0
    outer loop
      vertex 13.2288 -7.07095 4
      vertex 12.472 -8.33355 3
      vertex 12.472 -8.33355 4
    endloop
  endfacet
  facet normal 0.671577 0.740935 -0
    outer loop
      vertex -9.5159 -11.5952 3
      vertex -10.6066 -10.6066 4
      vertex -9.5159 -11.5952 4
    endloop
  endfacet
  facet normal 0.671577 0.740935 0
    outer loop
      vertex -10.6066 -10.6066 4
      vertex -9.5159 -11.5952 3
      vertex -10.6066 -10.6066 3
    endloop
  endfacet
  facet normal -0.59566 0.803237 0
    outer loop
      vertex 9.5159 -11.5952 3
      vertex 8.33355 -12.472 4
      vertex 9.5159 -11.5952 4
    endloop
  endfacet
  facet normal -0.59566 0.803237 0
    outer loop
      vertex 8.33355 -12.472 4
      vertex 9.5159 -11.5952 3
      vertex 8.33355 -12.472 3
    endloop
  endfacet
  facet normal -0.330704 0.924277 -0.190648
    outer loop
      vertex 5.74025 -13.8582 4
      vertex 4.35427 -14.3541 4
      vertex 3.06147 -7.39104 40
    endloop
  endfacet
  facet normal -0.887402 0.419727 -0.190648
    outer loop
      vertex 13.8582 -5.74025 4
      vertex 13.2288 -7.07095 4
      vertex 7.39104 -3.06147 40
    endloop
  endfacet
  facet normal -0.841989 -0.504686 -0.190648
    outer loop
      vertex 12.472 8.33355 4
      vertex 13.2288 7.07095 4
      vertex 7.05537 3.77117 40
    endloop
  endfacet
  facet normal -0.841999 -0.504669 -0.190647
    outer loop
      vertex 12.472 8.33355 4
      vertex 7.05537 3.77117 40
      vertex 6.65176 4.44456 40
    endloop
  endfacet
  facet normal -0.971032 -0.144045 -0.190649
    outer loop
      vertex 14.9278 1.47026 4
      vertex 7.96148 0.784137 40
      vertex 7.84628 1.56072 40
    endloop
  endfacet
  facet normal -0.740935 -0.671577 0
    outer loop
      vertex 11.5952 9.5159 3
      vertex 10.6066 10.6066 4
      vertex 10.6066 10.6066 3
    endloop
  endfacet
  facet normal -0.740935 -0.671577 0
    outer loop
      vertex 10.6066 10.6066 4
      vertex 11.5952 9.5159 3
      vertex 11.5952 9.5159 4
    endloop
  endfacet
  facet normal -0.238539 -0.952235 -0.190649
    outer loop
      vertex 2.92635 14.7118 4
      vertex 4.35427 14.3541 4
      vertex 1.56072 7.84628 40
    endloop
  endfacet
  facet normal 0.238523 -0.95224 -0.190648
    outer loop
      vertex -1.56072 7.84628 40
      vertex -2.32228 7.65552 40
      vertex -4.35427 14.3541 4
    endloop
  endfacet
  facet normal 0.144045 -0.971032 -0.190649
    outer loop
      vertex -1.47026 14.9278 4
      vertex -1.56072 7.84628 40
      vertex -2.92635 14.7118 4
    endloop
  endfacet
  facet normal 0.238539 -0.952235 -0.190649
    outer loop
      vertex -2.92635 14.7118 4
      vertex -1.56072 7.84628 40
      vertex -4.35427 14.3541 4
    endloop
  endfacet
  facet normal -0.330704 -0.924277 -0.190648
    outer loop
      vertex 4.35427 14.3541 4
      vertex 5.74025 13.8582 4
      vertex 3.06147 7.39104 40
    endloop
  endfacet
  facet normal 0.727356 0.659247 -0.190648
    outer loop
      vertex -6.18408 -5.07515 40
      vertex -5.65685 -5.65685 40
      vertex -10.6066 -10.6066 4
    endloop
  endfacet
  facet normal 0.998796 -0.0490479 0
    outer loop
      vertex -15 0 4
      vertex -14.9278 1.47026 3
      vertex -14.9278 1.47026 4
    endloop
  endfacet
  facet normal 0.998796 -0.0490479 0
    outer loop
      vertex -14.9278 1.47026 3
      vertex -15 0 4
      vertex -15 0 3
    endloop
  endfacet
  facet normal 0.330704 0.924277 -0.190648
    outer loop
      vertex -3.06147 -7.39104 40
      vertex -4.35427 -14.3541 4
      vertex -5.74025 -13.8582 4
    endloop
  endfacet
  facet normal 0.419727 0.887402 -0.190648
    outer loop
      vertex -3.06147 -7.39104 40
      vertex -5.74025 -13.8582 4
      vertex -7.07095 -13.2288 4
    endloop
  endfacet
  facet normal 0.146737 0.989176 -0
    outer loop
      vertex -1.47026 -14.9278 3
      vertex -2.92635 -14.7118 4
      vertex -1.47026 -14.9278 4
    endloop
  endfacet
  facet normal 0.146737 0.989176 0
    outer loop
      vertex -2.92635 -14.7118 4
      vertex -1.47026 -14.9278 3
      vertex -2.92635 -14.7118 3
    endloop
  endfacet
  facet normal -0.336883 -0.941547 0
    outer loop
      vertex 4.35427 14.3541 3
      vertex 5.74025 13.8582 4
      vertex 4.35427 14.3541 4
    endloop
  endfacet
  facet normal -0.336883 -0.941547 -0
    outer loop
      vertex 5.74025 13.8582 4
      vertex 4.35427 14.3541 3
      vertex 5.74025 13.8582 3
    endloop
  endfacet
  facet normal 0.146737 -0.989176 0
    outer loop
      vertex -2.92635 14.7118 3
      vertex -1.47026 14.9278 4
      vertex -2.92635 14.7118 4
    endloop
  endfacet
  facet normal 0.146737 -0.989176 0
    outer loop
      vertex -1.47026 14.9278 4
      vertex -2.92635 14.7118 3
      vertex -1.47026 14.9278 3
    endloop
  endfacet
  facet normal -0.419727 -0.887402 -0.190648
    outer loop
      vertex 5.74025 13.8582 4
      vertex 7.07095 13.2288 4
      vertex 3.06147 7.39104 40
    endloop
  endfacet
  facet normal 0 0 1
    outer loop
      vertex 14.9278 1.47026 3
      vertex 14.9278 -1.47026 3
      vertex 15 0 3
    endloop
  endfacet
  facet normal 0 0 1
    outer loop
      vertex 14.7118 2.92635 3
      vertex 14.9278 -1.47026 3
      vertex 14.9278 1.47026 3
    endloop
  endfacet
  facet normal 0 0 1
    outer loop
      vertex 14.7118 2.92635 3
      vertex 14.7118 -2.92635 3
      vertex 14.9278 -1.47026 3
    endloop
  endfacet
  facet normal 0 0 1
    outer loop
      vertex 14.3541 4.35427 3
      vertex 14.7118 -2.92635 3
      vertex 14.7118 2.92635 3
    endloop
  endfacet
  facet normal 0 0 1
    outer loop
      vertex 14.3541 4.35427 3
      vertex 14.3541 -4.35427 3
      vertex 14.7118 -2.92635 3
    endloop
  endfacet
  facet normal 0 0 1
    outer loop
      vertex 13.8582 5.74025 3
      vertex 14.3541 -4.35427 3
      vertex 14.3541 4.35427 3
    endloop
  endfacet
  facet normal 0 0 1
    outer loop
      vertex 13.8582 5.74025 3
      vertex 13.8582 -5.74025 3
      vertex 14.3541 -4.35427 3
    endloop
  endfacet
  facet normal 0 0 1
    outer loop
      vertex 13.2288 7.07095 3
      vertex 13.8582 -5.74025 3
      vertex 13.8582 5.74025 3
    endloop
  endfacet
  facet normal 0 0 1
    outer loop
      vertex 13.2288 7.07095 3
      vertex 13.2288 -7.07095 3
      vertex 13.8582 -5.74025 3
    endloop
  endfacet
  facet normal 0 0 1
    outer loop
      vertex 12.472 8.33355 3
      vertex 13.2288 -7.07095 3
      vertex 13.2288 7.07095 3
    endloop
  endfacet
  facet normal 0 0 1
    outer loop
      vertex 12.472 8.33355 3
      vertex 12.472 -8.33355 3
      vertex 13.2288 -7.07095 3
    endloop
  endfacet
  facet normal 0 0 1
    outer loop
      vertex 11.5952 9.5159 3
      vertex 12.472 -8.33355 3
      vertex 12.472 8.33355 3
    endloop
  endfacet
  facet normal 0 0 1
    outer loop
      vertex 11.5952 9.5159 3
      vertex 11.5952 -9.5159 3
      vertex 12.472 -8.33355 3
    endloop
  endfacet
  facet normal 0 0 1
    outer loop
      vertex 10.6066 10.6066 3
      vertex 11.5952 -9.5159 3
      vertex 11.5952 9.5159 3
    endloop
  endfacet
  facet normal 0 0 1
    outer loop
      vertex 10.6066 10.6066 3
      vertex 10.6066 -10.6066 3
      vertex 11.5952 -9.5159 3
    endloop
  endfacet
  facet normal 0 0 1
    outer loop
      vertex 9.5159 11.5952 3
      vertex 10.6066 -10.6066 3
      vertex 10.6066 10.6066 3
    endloop
  endfacet
  facet normal 0 0 1
    outer loop
      vertex 9.5159 11.5952 3
      vertex 9.5159 -11.5952 3
      vertex 10.6066 -10.6066 3
    endloop
  endfacet
  facet normal 0 0 1
    outer loop
      vertex 8.33355 12.472 3
      vertex 9.5159 -11.5952 3
      vertex 9.5159 11.5952 3
    endloop
  endfacet
  facet normal 0 0 1
    outer loop
      vertex 8.33355 12.472 3
      vertex 8.33355 -12.472 3
      vertex 9.5159 -11.5952 3
    endloop
  endfacet
  facet normal 0 0 1
    outer loop
      vertex 7.07095 13.2288 3
      vertex 8.33355 -12.472 3
      vertex 8.33355 12.472 3
    endloop
  endfacet
  facet normal 0 0 1
    outer loop
      vertex 7.07095 13.2288 3
      vertex 7.07095 -13.2288 3
      vertex 8.33355 -12.472 3
    endloop
  endfacet
  facet normal 0 0 1
    outer loop
      vertex 5.74025 13.8582 3
      vertex 7.07095 -13.2288 3
      vertex 7.07095 13.2288 3
    endloop
  endfacet
  facet normal 0 0 1
    outer loop
      vertex 5.74025 13.8582 3
      vertex 5.74025 -13.8582 3
      vertex 7.07095 -13.2288 3
    endloop
  endfacet
  facet normal 0 0 1
    outer loop
      vertex 4.35427 14.3541 3
      vertex 5.74025 -13.8582 3
      vertex 5.74025 13.8582 3
    endloop
  endfacet
  facet normal 0 0 1
    outer loop
      vertex 4.35427 14.3541 3
      vertex 4.35427 -14.3541 3
      vertex 5.74025 -13.8582 3
    endloop
  endfacet
  facet normal 0 0 1
    outer loop
      vertex 2.92635 14.7118 3
      vertex 4.35427 -14.3541 3
      vertex 4.35427 14.3541 3
    endloop
  endfacet
  facet normal 0 0 1
    outer loop
      vertex 2.92635 14.7118 3
      vertex 2.92635 -14.7118 3
      vertex 4.35427 -14.3541 3
    endloop
  endfacet
  facet normal 0 0 1
    outer loop
      vertex 1.47026 14.9278 3
      vertex 2.92635 -14.7118 3
      vertex 2.92635 14.7118 3
    endloop
  endfacet
  facet normal 0 0 1
    outer loop
      vertex 1.47026 14.9278 3
      vertex 1.47026 -14.9278 3
      vertex 2.92635 -14.7118 3
    endloop
  endfacet
  facet normal 0 0 1
    outer loop
      vertex 0 15 3
      vertex 1.47026 -14.9278 3
      vertex 1.47026 14.9278 3
    endloop
  endfacet
  facet normal 0 0 1
    outer loop
      vertex 0 15 3
      vertex 0 -15 3
      vertex 1.47026 -14.9278 3
    endloop
  endfacet
  facet normal -0 0 1
    outer loop
      vertex -1.47026 14.9278 3
      vertex 0 -15 3
      vertex 0 15 3
    endloop
  endfacet
  facet normal 0 0 1
    outer loop
      vertex -1.47026 14.9278 3
      vertex -1.47026 -14.9278 3
      vertex 0 -15 3
    endloop
  endfacet
  facet normal -0 0 1
    outer loop
      vertex -2.92635 14.7118 3
      vertex -1.47026 -14.9278 3
      vertex -1.47026 14.9278 3
    endloop
  endfacet
  facet normal 0 0 1
    outer loop
      vertex -2.92635 14.7118 3
      vertex -2.92635 -14.7118 3
      vertex -1.47026 -14.9278 3
    endloop
  endfacet
  facet normal -0 0 1
    outer loop
      vertex -4.35427 14.3541 3
      vertex -2.92635 -14.7118 3
      vertex -2.92635 14.7118 3
    endloop
  endfacet
  facet normal 0 0 1
    outer loop
      vertex -4.35427 14.3541 3
      vertex -4.35427 -14.3541 3
      vertex -2.92635 -14.7118 3
    endloop
  endfacet
  facet normal -0 0 1
    outer loop
      vertex -5.74025 13.8582 3
      vertex -4.35427 -14.3541 3
      vertex -4.35427 14.3541 3
    endloop
  endfacet
  facet normal 0 0 1
    outer loop
      vertex -5.74025 13.8582 3
      vertex -5.74025 -13.8582 3
      vertex -4.35427 -14.3541 3
    endloop
  endfacet
  facet normal -0 0 1
    outer loop
      vertex -7.07095 13.2288 3
      vertex -5.74025 -13.8582 3
      vertex -5.74025 13.8582 3
    endloop
  endfacet
  facet normal 0 0 1
    outer loop
      vertex -7.07095 13.2288 3
      vertex -7.07095 -13.2288 3
      vertex -5.74025 -13.8582 3
    endloop
  endfacet
  facet normal -0 0 1
    outer loop
      vertex -8.33355 12.472 3
      vertex -7.07095 -13.2288 3
      vertex -7.07095 13.2288 3
    endloop
  endfacet
  facet normal 0 0 1
    outer loop
      vertex -8.33355 12.472 3
      vertex -8.33355 -12.472 3
      vertex -7.07095 -13.2288 3
    endloop
  endfacet
  facet normal -0 0 1
    outer loop
      vertex -9.5159 11.5952 3
      vertex -8.33355 -12.472 3
      vertex -8.33355 12.472 3
    endloop
  endfacet
  facet normal 0 0 1
    outer loop
      vertex -9.5159 11.5952 3
      vertex -9.5159 -11.5952 3
      vertex -8.33355 -12.472 3
    endloop
  endfacet
  facet normal -0 0 1
    outer loop
      vertex -10.6066 10.6066 3
      vertex -9.5159 -11.5952 3
      vertex -9.5159 11.5952 3
    endloop
  endfacet
  facet normal 0 0 1
    outer loop
      vertex -10.6066 10.6066 3
      vertex -10.6066 -10.6066 3
      vertex -9.5159 -11.5952 3
    endloop
  endfacet
  facet normal -0 0 1
    outer loop
      vertex -11.5952 9.5159 3
      vertex -10.6066 -10.6066 3
      vertex -10.6066 10.6066 3
    endloop
  endfacet
  facet normal 0 0 1
    outer loop
      vertex -11.5952 9.5159 3
      vertex -11.5952 -9.5159 3
      vertex -10.6066 -10.6066 3
    endloop
  endfacet
  facet normal -0 0 1
    outer loop
      vertex -12.472 8.33355 3
      vertex -11.5952 -9.5159 3
      vertex -11.5952 9.5159 3
    endloop
  endfacet
  facet normal 0 0 1
    outer loop
      vertex -12.472 8.33355 3
      vertex -12.472 -8.33355 3
      vertex -11.5952 -9.5159 3
    endloop
  endfacet
  facet normal -0 0 1
    outer loop
      vertex -13.2288 7.07095 3
      vertex -12.472 -8.33355 3
      vertex -12.472 8.33355 3
    endloop
  endfacet
  facet normal 0 0 1
    outer loop
      vertex -13.2288 7.07095 3
      vertex -13.2288 -7.07095 3
      vertex -12.472 -8.33355 3
    endloop
  endfacet
  facet normal -0 0 1
    outer loop
      vertex -13.8582 5.74025 3
      vertex -13.2288 -7.07095 3
      vertex -13.2288 7.07095 3
    endloop
  endfacet
  facet normal 0 0 1
    outer loop
      vertex -13.8582 5.74025 3
      vertex -13.8582 -5.74025 3
      vertex -13.2288 -7.07095 3
    endloop
  endfacet
  facet normal -0 0 1
    outer loop
      vertex -14.3541 4.35427 3
      vertex -13.8582 -5.74025 3
      vertex -13.8582 5.74025 3
    endloop
  endfacet
  facet normal 0 0 1
    outer loop
      vertex -14.3541 4.35427 3
      vertex -14.3541 -4.35427 3
      vertex -13.8582 -5.74025 3
    endloop
  endfacet
  facet normal -0 0 1
    outer loop
      vertex -14.7118 2.92635 3
      vertex -14.3541 -4.35427 3
      vertex -14.3541 4.35427 3
    endloop
  endfacet
  facet normal 0 0 1
    outer loop
      vertex -14.7118 2.92635 3
      vertex -14.7118 -2.92635 3
      vertex -14.3541 -4.35427 3
    endloop
  endfacet
  facet normal -0 0 1
    outer loop
      vertex -14.9278 1.47026 3
      vertex -14.7118 -2.92635 3
      vertex -14.7118 2.92635 3
    endloop
  endfacet
  facet normal 0 0 1
    outer loop
      vertex -14.9278 1.47026 3
      vertex -14.9278 -1.47026 3
      vertex -14.7118 -2.92635 3
    endloop
  endfacet
  facet normal 0 -0 1
    outer loop
      vertex -14.9278 -1.47026 3
      vertex -14.9278 1.47026 3
      vertex -15 0 3
    endloop
  endfacet
  facet normal 0.671577 -0.740935 0
    outer loop
      vertex -10.6066 10.6066 3
      vertex -9.5159 11.5952 4
      vertex -10.6066 10.6066 4
    endloop
  endfacet
  facet normal 0.671577 -0.740935 0
    outer loop
      vertex -9.5159 11.5952 4
      vertex -10.6066 10.6066 3
      vertex -9.5159 11.5952 3
    endloop
  endfacet
  facet normal -0.238523 -0.95224 -0.190648
    outer loop
      vertex 4.35427 14.3541 4
      vertex 2.32228 7.65552 40
      vertex 1.56072 7.84628 40
    endloop
  endfacet
endsolid OpenSCAD_Model
